spec_id,spec_label,segment,n,cost_mean_bps,hit_rate_pct,median_mae_bps,touch_stop_100bps_pct,mean_after_cost_plus_slip_16bps
4,RANGE_BOTTOM_REV_LONG_W48_Q0.05 :: weekday=Monday,train,25,22.09796902439419,60.0,-62.78984683232514,36.0,6.097969024394189
4,RANGE_BOTTOM_REV_LONG_W48_Q0.05 :: weekday=Monday,oos,13,179.40910066209133,84.61538461538461,-65.47322741591644,30.76923076923077,163.40910066209133
4,RANGE_BOTTOM_REV_LONG_W48_Q0.05 :: weekday=Monday,first_half,19,38.65358926832671,63.1578947368421,-61.50338191913018,31.57894736842105,22.653589268326712
4,RANGE_BOTTOM_REV_LONG_W48_Q0.05 :: weekday=Monday,second_half,19,113.17628095362285,73.68421052631578,-71.2574837481994,36.84210526315789,97.17628095362285
4,RANGE_BOTTOM_REV_LONG_W48_Q0.05 :: weekday=Monday,q1,9,-5.3073447793154385,44.44444444444444,-113.6033741407172,55.55555555555556,-21.30734477931544
4,RANGE_BOTTOM_REV_LONG_W48_Q0.05 :: weekday=Monday,q2,10,78.21842991120465,80.0,-41.9487475398378,10.0,62.21842991120465
4,RANGE_BOTTOM_REV_LONG_W48_Q0.05 :: weekday=Monday,q3,9,37.913376161698594,66.66666666666666,-65.47322741591644,33.33333333333333,21.913376161698594
4,RANGE_BOTTOM_REV_LONG_W48_Q0.05 :: weekday=Monday,q4,10,180.9128952663547,80.0,-75.31116162524555,40.0,164.9128952663547
4,RANGE_BOTTOM_REV_LONG_W48_Q0.05 :: weekday=Monday,recent_third,13,179.40910066209133,84.61538461538461,-65.47322741591644,30.76923076923077,163.40910066209133
7,RANGE_BOTTOM_REV_LONG_W48_Q0.05 :: prior_ret72_regime=NEUTRAL_-75_75BPS,train,54,19.60446123413317,59.25925925925925,-72.30144299959329,37.03703703703704,3.6044612341331685
7,RANGE_BOTTOM_REV_LONG_W48_Q0.05 :: prior_ret72_regime=NEUTRAL_-75_75BPS,oos,27,86.04070667410932,66.66666666666666,-58.96403957601604,33.33333333333333,70.04070667410932
7,RANGE_BOTTOM_REV_LONG_W48_Q0.05 :: prior_ret72_regime=NEUTRAL_-75_75BPS,first_half,40,1.4530411033824393,52.5,-77.94026114656572,42.5,-14.54695889661756
7,RANGE_BOTTOM_REV_LONG_W48_Q0.05 :: prior_ret72_regime=NEUTRAL_-75_75BPS,second_half,41,81.06386201728893,70.73170731707317,-54.86859506700692,29.268292682926827,65.06386201728893
7,RANGE_BOTTOM_REV_LONG_W48_Q0.05 :: prior_ret72_regime=NEUTRAL_-75_75BPS,q1,20,10.887165999735885,50.0,-82.15800844654287,45.0,-5.112834000264115
7,RANGE_BOTTOM_REV_LONG_W48_Q0.05 :: prior_ret72_regime=NEUTRAL_-75_75BPS,q2,20,-7.9810837929710114,55.00000000000001,-77.94026114656572,40.0,-23.981083792971013
7,RANGE_BOTTOM_REV_LONG_W48_Q0.05 :: prior_ret72_regime=NEUTRAL_-75_75BPS,q3,20,28.223345814550175,65.0,-49.187906746837044,30.0,12.223345814550175
7,RANGE_BOTTOM_REV_LONG_W48_Q0.05 :: prior_ret72_regime=NEUTRAL_-75_75BPS,q4,21,131.38816316275438,76.19047619047619,-55.4683010917445,28.57142857142857,115.38816316275438
7,RANGE_BOTTOM_REV_LONG_W48_Q0.05 :: prior_ret72_regime=NEUTRAL_-75_75BPS,recent_third,27,86.04070667410932,66.66666666666666,-58.96403957601604,33.33333333333333,70.04070667410932
1,RANGE_BOTTOM_REV_LONG_W48_Q0.05 :: trigger_severity_bucket=SEVERITY_MID,train,34,23.472281421159458,58.82352941176471,-63.444002490390396,38.23529411764706,7.472281421159458
1,RANGE_BOTTOM_REV_LONG_W48_Q0.05 :: trigger_severity_bucket=SEVERITY_MID,oos,18,78.4522737303835,66.66666666666666,-146.14357740292016,55.55555555555556,62.452273730383496
1,RANGE_BOTTOM_REV_LONG_W48_Q0.05 :: trigger_severity_bucket=SEVERITY_MID,first_half,26,19.562406085498385,61.53846153846154,-74.06457517217468,38.46153846153847,3.5624060854983846
1,RANGE_BOTTOM_REV_LONG_W48_Q0.05 :: trigger_severity_bucket=SEVERITY_MID,second_half,26,65.4452283555141,61.53846153846154,-88.7528745413213,50.0,49.445228355514104
1,RANGE_BOTTOM_REV_LONG_W48_Q0.05 :: trigger_severity_bucket=SEVERITY_MID,q1,13,28.003308070888632,61.53846153846154,-86.16867570429343,38.46153846153847,12.003308070888632
1,RANGE_BOTTOM_REV_LONG_W48_Q0.05 :: trigger_severity_bucket=SEVERITY_MID,q2,13,11.12150410010813,61.53846153846154,-72.27349014429562,38.46153846153847,-4.87849589989187
1,RANGE_BOTTOM_REV_LONG_W48_Q0.05 :: trigger_severity_bucket=SEVERITY_MID,q3,13,59.19762706558804,61.53846153846154,-18.41596685992597,30.76923076923077,43.19762706558804
1,RANGE_BOTTOM_REV_LONG_W48_Q0.05 :: trigger_severity_bucket=SEVERITY_MID,q4,13,71.69282964544014,61.53846153846154,-177.64708009183616,69.23076923076923,55.69282964544014
1,RANGE_BOTTOM_REV_LONG_W48_Q0.05 :: trigger_severity_bucket=SEVERITY_MID,recent_third,18,78.4522737303835,66.66666666666666,-146.14357740292016,55.55555555555556,62.452273730383496
2,RANGE_BOTTOM_REV_LONG_W48_Q0.05 :: prior_ret72_regime=DOWN_MODERATE_-200_-75BPS,train,33,24.233685129110142,57.57575757575758,-89.62992037077733,39.39393939393939,8.233685129110142
2,RANGE_BOTTOM_REV_LONG_W48_Q0.05 :: prior_ret72_regime=DOWN_MODERATE_-200_-75BPS,oos,17,76.7036431161629,82.35294117647058,-84.0532964712215,41.17647058823529,60.703643116162894
2,RANGE_BOTTOM_REV_LONG_W48_Q0.05 :: prior_ret72_regime=DOWN_MODERATE_-200_-75BPS,first_half,25,14.988639011645962,52.0,-91.1998169466044,44.0,-1.0113609883540384
2,RANGE_BOTTOM_REV_LONG_W48_Q0.05 :: prior_ret72_regime=DOWN_MODERATE_-200_-75BPS,second_half,25,69.15830267777021,80.0,-82.78362030812004,36.0,53.15830267777021
2,RANGE_BOTTOM_REV_LONG_W48_Q0.05 :: prior_ret72_regime=DOWN_MODERATE_-200_-75BPS,q1,12,-22.425423342930372,50.0,-121.11363380062578,75.0,-38.42542334293037
2,RANGE_BOTTOM_REV_LONG_W48_Q0.05 :: prior_ret72_regime=DOWN_MODERATE_-200_-75BPS,q2,13,49.52469656971644,53.84615384615385,-73.10010174532367,15.384615384615385,33.52469656971644
2,RANGE_BOTTOM_REV_LONG_W48_Q0.05 :: prior_ret72_regime=DOWN_MODERATE_-200_-75BPS,q3,12,65.30112761263247,83.33333333333334,-72.7867335702226,16.666666666666664,49.30112761263247
2,RANGE_BOTTOM_REV_LONG_W48_Q0.05 :: prior_ret72_regime=DOWN_MODERATE_-200_-75BPS,q4,13,72.71877196866654,76.92307692307693,-112.9315066166825,53.84615384615385,56.718771968666545
2,RANGE_BOTTOM_REV_LONG_W48_Q0.05 :: prior_ret72_regime=DOWN_MODERATE_-200_-75BPS,recent_third,17,76.7036431161629,82.35294117647058,-84.0532964712215,41.17647058823529,60.703643116162894
3,RANGE_BOTTOM_REV_LONG_W48_Q0.05 :: spread_regime=NA,train,104,14.381576136861367,56.730769230769226,-81.40424120059886,38.46153846153847,-1.6184238631386325
3,RANGE_BOTTOM_REV_LONG_W48_Q0.05 :: spread_regime=NA,oos,52,74.19615418870657,73.07692307692307,-81.7090679867566,46.15384615384615,58.19615418870657
3,RANGE_BOTTOM_REV_LONG_W48_Q0.05 :: spread_regime=NA,first_half,78,11.444450356028696,56.41025641025641,-83.09676889868555,38.46153846153847,-4.555549643971304
3,RANGE_BOTTOM_REV_LONG_W48_Q0.05 :: spread_regime=NA,second_half,78,57.19508728559083,67.94871794871796,-81.07422990520585,43.58974358974359,41.19508728559083
3,RANGE_BOTTOM_REV_LONG_W48_Q0.05 :: spread_regime=NA,q1,39,9.533105601376905,51.28205128205128,-95.2995457780914,46.15384615384615,-6.466894398623095
3,RANGE_BOTTOM_REV_LONG_W48_Q0.05 :: spread_regime=NA,q2,39,13.355795110680484,61.53846153846154,-72.32939585489095,30.76923076923077,-2.644204889319516
3,RANGE_BOTTOM_REV_LONG_W48_Q0.05 :: spread_regime=NA,q3,39,50.152710372275,69.23076923076923,-61.47212576792293,33.33333333333333,34.152710372275
3,RANGE_BOTTOM_REV_LONG_W48_Q0.05 :: spread_regime=NA,q4,39,64.23746419890668,66.66666666666666,-112.9315066166825,53.84615384615385,48.23746419890668
3,RANGE_BOTTOM_REV_LONG_W48_Q0.05 :: spread_regime=NA,recent_third,52,74.19615418870657,73.07692307692307,-81.7090679867566,46.15384615384615,58.19615418870657
8,RANGE_BOTTOM_REV_LONG_W48_Q0.05 :: trigger_severity_bucket=SEVERITY_LOW,train,34,5.594789531140706,52.94117647058824,-79.60241749196295,35.294117647058826,-10.405210468859295
8,RANGE_BOTTOM_REV_LONG_W48_Q0.05 :: trigger_severity_bucket=SEVERITY_LOW,oos,18,106.26993452158607,83.33333333333334,-55.9136038747432,22.22222222222222,90.26993452158607
8,RANGE_BOTTOM_REV_LONG_W48_Q0.05 :: trigger_severity_bucket=SEVERITY_LOW,first_half,26,-3.9262687347045953,46.15384615384615,-82.48048920369288,38.46153846153847,-19.926268734704596
8,RANGE_BOTTOM_REV_LONG_W48_Q0.05 :: trigger_severity_bucket=SEVERITY_LOW,second_half,26,84.81402509806354,80.76923076923077,-58.29409055459479,23.076923076923077,68.81402509806354
8,RANGE_BOTTOM_REV_LONG_W48_Q0.05 :: trigger_severity_bucket=SEVERITY_LOW,q1,13,-27.718068458244314,30.76923076923077,-88.5397637315799,46.15384615384615,-43.71806845824432
8,RANGE_BOTTOM_REV_LONG_W48_Q0.05 :: trigger_severity_bucket=SEVERITY_LOW,q2,13,19.86553098883512,61.53846153846154,-73.10010174532367,30.76923076923077,3.8655309888351184
8,RANGE_BOTTOM_REV_LONG_W48_Q0.05 :: trigger_severity_bucket=SEVERITY_LOW,q3,13,52.033225245174144,84.61538461538461,-61.47212576792293,15.384615384615385,36.033225245174144
8,RANGE_BOTTOM_REV_LONG_W48_Q0.05 :: trigger_severity_bucket=SEVERITY_LOW,q4,13,117.59482495095293,76.92307692307693,-56.35890665774191,30.76923076923077,101.59482495095293
8,RANGE_BOTTOM_REV_LONG_W48_Q0.05 :: trigger_severity_bucket=SEVERITY_LOW,recent_third,18,106.26993452158607,83.33333333333334,-55.9136038747432,22.22222222222222,90.26993452158607
