variant,family,side,trend_dist,pullback,slope_min,sma50_dist,horizon_bars,horizon_minutes,decision,reason,score,events,freq_per_month,total_x1,median_x1,pf_x1,dd_x1,total_x2,pf_x2,total_x4,pf_x4,test20_events,test20_total,test20_pf,test30_total,test30_pf,events_2026,total_2026,median_2026,pf_2026,pos_years,years,boot_total_p05,boot_pf_p05,boot_prob_total_gt_0,boot_prob_pf_gt_1,boot_prob_median_gt_0
trend_pullback_short_td7.5_pb2_slope0_sma5010_ny_h12,trend_pullback_short_refined,SHORT,7.5,2.0,0.0,10.0,12,180,KEEP_REFINED_WATCHLIST,Positive exact replay but still not robust enough for forward-shadow design.,10.081568,165,3.4375,341.57,1.19,1.287162,-190.8,283.82,1.23319,168.32,1.132222,33,11.71,1.025025,61.2,1.080961,40,109.77,-2.39,1.191011,4,5,-132.3135,0.908652,0.87,0.87,0.71
trend_pullback_short_td7.5_pb0.5_slope0_sma5010_ny_h12,trend_pullback_short_refined,SHORT,7.5,0.5,0.0,10.0,12,180,KEEP_REFINED_WATCHLIST,Positive exact replay but still not robust enough for forward-shadow design.,9.393699,134,3.35,337.43,1.41,1.305461,-220.09,290.53,1.257916,196.73,1.167903,27,79.36,1.203581,124.91,1.183856,38,49.05,-2.47,1.078489,3,5,-197.2525,0.836231,0.78,0.78,0.72
trend_pullback_short_td5_pb2_slope0_sma5010_ny_h12,trend_pullback_short_refined,SHORT,5.0,2.0,0.0,10.0,12,180,KEEP_REFINED_WATCHLIST,Positive exact replay but still not robust enough for forward-shadow design.,9.170334,199,4.061224,347.76,0.84,1.267759,-273.78,278.11,1.208713,138.81,1.099061,40,136.37,1.246641,70.82,1.085469,42,96.95,-2.15,1.163444,4,5,-288.487,0.821494,0.82,0.82,0.75
trend_pullback_short_td12.5_pb2_slope2_sma500_ny_h8,trend_pullback_short_refined,SHORT,12.5,2.0,2.0,0.0,8,120,KEEP_REFINED_WATCHLIST,Positive exact replay but still not robust enough for forward-shadow design.,9.161315,117,3.441176,283.76,0.24,1.352199,-204.25,242.81,1.29392,160.91,1.185357,24,51.3,1.208545,-115.77,0.752554,45,107.3,-0.1,1.210301,4,5,-163.981,0.867171,0.84,0.84,0.37
trend_pullback_short_td12.5_pb2_slope0_sma5010_ny_h12,trend_pullback_short_refined,SHORT,12.5,2.0,0.0,10.0,12,180,KEEP_REFINED_WATCHLIST,Positive exact replay but still not robust enough for forward-shadow design.,9.033147,105,2.916667,256.83,0.84,1.291214,-266.25,220.08,1.244593,146.58,1.156547,21,107.5,1.633658,11.76,1.025519,36,47.83,-2.39,1.092547,4,5,-236.4845,0.754947,0.77,0.77,0.62
trend_pullback_short_td12.5_pb2_slope0_sma505_ny_h8,trend_pullback_short_refined,SHORT,12.5,2.0,0.0,5.0,8,120,KEEP_REFINED_WATCHLIST,Positive exact replay but still not robust enough for forward-shadow design.,8.865001,122,3.388889,277.14,0.285,1.33874,-204.25,234.44,1.279335,149.04,1.168813,25,45.0,1.182934,-85.67,0.81689,45,97.84,-0.1,1.19176,4,5,-183.9485,0.82378,0.8,0.8,0.53
trend_pullback_short_td7.5_pb2_slope0_sma500_ny_h8,trend_pullback_short_refined,SHORT,7.5,2.0,0.0,0.0,8,120,KEEP_REFINED_WATCHLIST,Positive exact replay but still not robust enough for forward-shadow design.,8.679833,236,4.72,306.31,0.355,1.228385,-229.9,223.71,1.161876,58.51,1.039864,48,105.65,1.17833,112.5,1.139447,51,93.19,-0.1,1.150583,5,5,-253.48,0.857455,0.85,0.85,0.63
trend_pullback_short_td12.5_pb2_slope0_sma500_ny_h8,trend_pullback_short_refined,SHORT,12.5,2.0,0.0,0.0,8,120,KEEP_REFINED_WATCHLIST,Positive exact replay but still not robust enough for forward-shadow design.,8.574758,128,3.555556,284.0,0.15,1.340116,-204.25,239.2,1.278957,149.6,1.165511,26,37.62,1.148479,-65.53,0.863206,45,97.84,-0.1,1.19176,4,5,-215.119,0.780464,0.78,0.78,0.56
trend_pullback_short_td12.5_pb2_slope2_sma505_ny_h8,trend_pullback_short_refined,SHORT,12.5,2.0,2.0,5.0,8,120,KEEP_REFINED_WATCHLIST,Positive exact replay but still not robust enough for forward-shadow design.,8.544783,113,3.323529,259.99,0.24,1.326358,-204.25,220.44,1.270025,141.34,1.16493,23,40.98,1.166592,-85.75,0.799425,44,96.98,-0.605,1.190075,4,5,-241.3595,0.744607,0.75,0.75,0.51
trend_pullback_short_td10_pb2_slope0_sma5010_ny_h12,trend_pullback_short_refined,SHORT,10.0,2.0,0.0,10.0,12,180,KEEP_REFINED_WATCHLIST,Positive exact replay but still not robust enough for forward-shadow design.,7.927944,137,3.186047,247.94,1.19,1.232034,-255.0,199.99,1.1832,104.09,1.091411,28,12.17,1.033906,68.5,1.10702,38,8.32,-2.39,1.014659,4,5,-304.6125,0.75897,0.76,0.76,0.74
trend_pullback_short_td12.5_pb2_slope0_sma5010_ny_h8,trend_pullback_short_refined,SHORT,12.5,2.0,0.0,10.0,8,120,KEEP_REFINED_WATCHLIST,Positive exact replay but still not robust enough for forward-shadow design.,7.873856,114,3.166667,250.84,0.15,1.318616,-204.67,210.94,1.261307,131.14,1.154639,23,9.05,1.038027,-101.9,0.780227,40,56.29,-1.445,1.113754,4,5,-262.026,0.735432,0.79,0.79,0.5
trend_pullback_short_td12.5_pb2_slope2_sma5010_ny_h8,trend_pullback_short_refined,SHORT,12.5,2.0,2.0,10.0,8,120,KEEP_REFINED_WATCHLIST,Positive exact replay but still not robust enough for forward-shadow design.,7.539375,107,3.147059,218.2,-0.1,1.279292,-204.67,180.75,1.225788,105.85,1.126052,22,8.19,1.034413,-134.08,0.710823,39,55.43,-1.78,1.112016,4,5,-268.104,0.720767,0.78,0.78,0.34
trend_pullback_short_td7.5_pb2_slope0_sma500_ny_h12,trend_pullback_short_refined,SHORT,7.5,2.0,0.0,0.0,12,180,KEEP_REFINED_WATCHLIST,Positive exact replay but still not robust enough for forward-shadow design.,7.443545,211,4.22,205.9,0.36,1.141603,-207.63,132.05,1.088575,-15.65,0.990009,43,50.67,1.084125,-41.0,0.954527,44,42.36,-2.48,1.069371,5,5,-310.4935,0.823668,0.76,0.76,0.51
trend_pullback_short_td5_pb0.5_slope0_sma500_ny_h12,trend_pullback_short_refined,SHORT,5.0,0.5,0.0,0.0,12,180,KEEP_REFINED_WATCHLIST,Positive exact replay but still not robust enough for forward-shadow design.,6.886941,237,4.74,276.86,0.26,1.180827,-232.0,193.91,1.123334,28.01,1.01689,48,74.37,1.104582,86.36,1.098096,42,10.08,-3.085,1.015813,4,5,-306.024,0.824378,0.75,0.75,0.59
trend_pullback_short_td12.5_pb0.5_slope0_sma5010_ny_h12,trend_pullback_short_refined,SHORT,12.5,0.5,0.0,10.0,12,180,KEEP_REFINED_WATCHLIST,Positive exact replay but still not robust enough for forward-shadow design.,6.779799,93,2.818182,199.37,0.26,1.21856,-295.54,166.82,1.179687,101.72,1.105723,19,46.78,1.212733,-161.71,0.683598,34,-12.89,-2.47,0.977269,3,5,-310.8655,0.712594,0.77,0.77,0.53
trend_pullback_short_td5_pb1_slope0_sma5010_ny_h12,trend_pullback_short_refined,SHORT,5.0,1.0,0.0,10.0,12,180,KEEP_REFINED_WATCHLIST,Positive exact replay but still not robust enough for forward-shadow design.,6.513107,179,3.729167,237.73,-0.02,1.175326,-309.03,175.08,1.126179,49.78,1.034272,36,79.74,1.134378,7.12,1.008273,40,30.27,-2.15,1.046614,4,5,-342.7985,0.752483,0.76,0.76,0.63
trend_pullback_short_td7.5_pb0.5_slope2_sma500_ny_h12,trend_pullback_short_refined,SHORT,7.5,0.5,2.0,0.0,12,180,KEEP_REFINED_WATCHLIST,Positive exact replay but still not robust enough for forward-shadow design.,6.414475,143,3.404762,183.97,-0.07,1.151142,-236.0,133.92,1.107784,33.82,1.026121,29,26.89,1.064413,92.78,1.135112,41,-11.73,-3.61,0.982251,2,5,-291.421,0.782197,0.78,0.78,0.56
trend_pullback_short_td5_pb0_slope0_sma500_ny_h8,trend_pullback_short_refined,SHORT,5.0,0.0,0.0,0.0,8,120,KEEP_REFINED_WATCHLIST,Positive exact replay but still not robust enough for forward-shadow design.,6.035693,212,4.24,254.37,-0.1,1.199112,-321.25,180.17,1.13686,31.77,1.02275,43,9.78,1.016109,71.17,1.089605,46,-2.68,-2.035,0.99577,3,5,-200.786,0.866428,0.78,0.78,0.39
trend_pullback_short_td5_pb0.5_slope0_sma5010_ny_h12,trend_pullback_short_refined,SHORT,5.0,0.5,0.0,10.0,12,180,REJECT_REFINED_WEAK,Exact replay does not preserve enough robust edge.,9.103696,165,3.510638,338.88,1.08,1.275963,-216.09,281.13,1.223981,165.63,1.126282,33,-21.28,0.960992,20.84,1.026236,39,78.14,-2.38,1.129906,4,5,-189.4525,0.873408,0.82,0.82,0.86
trend_pullback_short_td12.5_pb2_slope5_sma500_ny_h8,trend_pullback_short_refined,SHORT,12.5,2.0,5.0,0.0,8,120,REJECT_REFINED_WEAK,Exact replay does not preserve enough robust edge.,8.84676,90,3.103448,214.79,1.365,1.294774,-250.21,183.29,1.246454,120.29,1.155452,18,22.82,1.107333,-130.24,0.687906,38,48.15,-1.935,1.095469,4,5,-287.5555,0.698288,0.74,0.74,0.65
trend_pullback_short_td7.5_pb2_slope0_sma505_ny_h12,trend_pullback_short_refined,SHORT,7.5,2.0,0.0,5.0,12,180,REJECT_REFINED_WEAK,Exact replay does not preserve enough robust edge.,7.734759,195,3.9,248.2,0.65,1.18349,-206.71,179.95,1.129777,43.45,1.029845,39,14.6,1.026723,45.27,1.056732,44,42.36,-2.48,1.069371,4,5,-317.8835,0.801023,0.74,0.74,0.57
trend_pullback_short_td7.5_pb2_slope2_sma5010_ny_h12,trend_pullback_short_refined,SHORT,7.5,2.0,2.0,10.0,12,180,REJECT_REFINED_WEAK,Exact replay does not preserve enough robust edge.,7.4851,145,3.372093,161.43,-0.26,1.136049,-190.8,110.68,1.091285,9.18,1.007258,29,95.62,1.261235,132.75,1.199214,39,91.77,-2.4,1.159689,2,5,-385.9495,0.742221,0.64,0.64,0.32
trend_pullback_short_td12.5_pb2_slope2_sma5010_ny_h12,trend_pullback_short_refined,SHORT,12.5,2.0,2.0,10.0,12,180,REJECT_REFINED_WEAK,Exact replay does not preserve enough robust edge.,7.109753,99,2.911765,170.69,-0.14,1.190717,-266.25,136.04,1.149087,66.74,1.070376,20,89.5,1.527557,-63.92,0.861297,35,29.83,-2.4,1.057718,4,5,-552.3315,0.594699,0.7,0.7,0.43
trend_pullback_short_td5_pb0.5_slope2_sma5010_ny_h12,trend_pullback_short_refined,SHORT,5.0,0.5,2.0,10.0,12,180,REJECT_REFINED_WEAK,Exact replay does not preserve enough robust edge.,7.096875,148,3.363636,182.74,0.245,1.149841,-216.09,130.94,1.105146,27.34,1.021048,30,-43.59,0.911898,43.89,1.058707,37,54.47,-2.56,1.090555,3,5,-293.934,0.788594,0.74,0.74,0.67
trend_pullback_short_td7.5_pb0.5_slope2_sma5010_ny_h12,trend_pullback_short_refined,SHORT,7.5,0.5,2.0,10.0,12,180,REJECT_REFINED_WEAK,Exact replay does not preserve enough robust edge.,7.013577,124,3.179487,179.8,0.095,1.159826,-220.09,136.4,1.118944,49.6,1.041611,25,64.97,1.168225,5.24,1.008052,37,31.05,-2.56,1.049686,3,5,-368.635,0.75399,0.74,0.74,0.53
trend_pullback_short_td5_pb2_slope2_sma500_ny_h12,trend_pullback_short_refined,SHORT,5.0,2.0,2.0,0.0,12,180,REJECT_REFINED_WEAK,Exact replay does not preserve enough robust edge.,6.796915,212,4.24,166.9,-0.06,1.117676,-265.89,92.7,1.063673,-55.7,0.963673,43,102.68,1.176867,21.74,1.02516,46,54.95,-2.39,1.087344,4,5,-332.6035,0.790823,0.72,0.72,0.43
trend_pullback_short_td10_pb0_slope0_sma5010_ny_h12,trend_pullback_short_refined,SHORT,10.0,0.0,0.0,10.0,12,180,REJECT_REFINED_WEAK,Exact replay does not preserve enough robust edge.,6.63326,98,2.882353,78.19,1.415,1.080639,-387.27,43.89,1.044506,-24.71,0.975774,20,33.72,1.153342,-247.83,0.558904,35,-186.71,-2.56,0.697797,2,5,-414.6835,0.6365,0.61,0.61,0.71
trend_pullback_short_td5_pb2_slope0_sma505_ny_h12,trend_pullback_short_refined,SHORT,5.0,2.0,0.0,5.0,12,180,REJECT_REFINED_WEAK,Exact replay does not preserve enough robust edge.,6.212569,251,5.02,195.55,-0.26,1.12578,-289.69,107.7,1.067328,-68.0,0.959829,51,117.31,1.171546,39.44,1.043987,46,29.54,-2.39,1.046954,4,5,-376.8775,0.785693,0.68,0.68,0.44
trend_pullback_short_td5_pb0.5_slope2_sma500_ny_h12,trend_pullback_short_refined,SHORT,5.0,0.5,2.0,0.0,12,180,REJECT_REFINED_WEAK,Exact replay does not preserve enough robust edge.,6.034832,185,3.77551,179.69,-0.07,1.132826,-232.0,114.94,1.082913,-14.56,0.989999,37,75.14,1.131095,-10.4,0.987731,41,11.69,-3.61,1.018338,4,5,-296.6635,0.799012,0.63,0.63,0.36
trend_pullback_short_td10_pb0.5_slope2_sma500_ny_h12,trend_pullback_short_refined,SHORT,10.0,0.5,2.0,0.0,12,180,REJECT_REFINED_WEAK,Exact replay does not preserve enough robust edge.,5.937958,116,3.314286,177.21,0.335,1.165747,-300.2,136.61,1.125422,55.41,1.049007,24,11.02,1.041727,-49.73,0.915639,39,-113.18,-3.61,0.826884,3,5,-336.018,0.738186,0.64,0.64,0.61
