path,modified_utc,size_bytes,decisions,key_metrics_json
data/reports/stage32e_extended_dense_shadow_monitor/stage32e_extended_dense_shadow_monitor.md,2026-06-14T18:23:02+00:00,4373,COMMERCIAL_GOAL;DECISION;EXECUTION_STATUS;EXTENDED_DENSE_SHADOW_COLLECTION_WITH_WEAK_SIBLING_SUPPRESSION;FASTEST_SAFE_PATH_TO_COMMERCIALLY_USABLE_SYSTEM;KEEP_AS_SECONDARY_ONLY_UNTIL_METRICS_IMPROVE;KEEP_COLLECTING_UNTIL_40_RESOLVED_SAMPLES;KEEP_COLLECTING_UNTIL_MIN_REVIEW_SAMPLES_THEN_STAGE32D;MOVE_TO_REPAIR_QUEUE_TEST_INVERSION_HOUR_SUPPRESSION_OVERLAP;NO_EA_CHANGE;NO_ORDER_AUTHORIZATION;NO_PAPER_LIVE;PRIMARY_EXTENDED_SHADOW;PRIMARY_OBJECTIVE;PROMISING_LOW_N_ACCELERATION;RESEARCH_SHADOW_ONLY;SECONDARY_COLLECTION;STAGE32E_EXTENDED_DENSE_SHADOW_ACTIVE_RESEARCH_ONLY,"{""COMMERCIAL_GOAL"": ""FASTEST_SAFE_PATH_TO_COMMERCIALLY_USABLE_SYSTEM"", ""DECISION"": ""STAGE32E_EXTENDED_DENSE_SHADOW_ACTIVE_RESEARCH_ONLY"", ""EXECUTION_STATUS"": ""RESEARCH_SHADOW_ONLY"", ""Generated_UTC"": ""2026-06-14T18:23:02+00:00"", ""NO_EA_CHANGE"": ""True"", ""NO_ORDER_AUTHORIZATION"": ""True"", ""NO_PAPER_LIVE"": ""True"", ""PRIMARY_OBJECTIVE"": ""EXTENDED_DENSE_SHADOW_COLLECTION_WITH_WEAK_SIBLING_SUPPRESSION"", ""extended_min_signals"": ""40"", ""focus_queue_rows"": ""4"", ""leading_candidate"": ""calendar_drop_friday_h9_tp06_sl065"", ""leading_remaining_to_extended_min"": ""18"", ""pre_commercial_robustness_queue_rows"": ""0"", ""primary_extended_rows"": ""1"", ""promising_low_n_rows"": ""2"", ""secondary_collection_rows"": ""1"", ""suppressed_variant_rows"": ""5""}"
data/reports/stage32d_dense_forward_review/stage32d_dense_forward_review.md,2026-06-14T18:23:01+00:00,6569,ACCELERATE_COLLECTION_FOR_PROMISING_LOW_N_VARIANTS;ACCELERATE_FORWARD_SAMPLE_COLLECTION;COMMERCIAL_GOAL;DECISION;EXECUTION_STATUS;FASTEST_SAFE_PATH_TO_COMMERCIALLY_USABLE_SYSTEM;FOCUS_EXTENDED_SHADOW_ON_REVIEWABLE_VARIANT;KEEP_COLLECTING_FORWARD_SAMPLES;KEEP_COLLECTING_OR_REPAIR_RESEARCH_ONLY;KEEP_PRIMARY_EXTENDED_SHADOW_COLLECT_TO_40;KEEP_SECONDARY_COLLECTION;NEEDS_EXTENDED_DENSE_SHADOW_BEFORE_COMMERCIAL_REVIEW;NO_EA_CHANGE;NO_ORDER_AUTHORIZATION;NO_PAPER_LIVE;PAUSE_OR_REPAIR_BEFORE_PRIMARY_SHADOW;PAUSE_PRIMARY_SHADOW_OR_TEST_INVERSION;PRIMARY_OBJECTIVE;PROMISING_LOW_N_ACCELERATE_COLLECTION;RESEARCH_SHADOW_ONLY;RESEARCH_SHADOW_ONLY_NO_EA_NO_PAPER_LIVE;STAGE32D_HAS_REVIEW_CANDIDATE_NEEDS_EXTENDED_SHADOW_RESEARCH_ONLY;TIGHTEN_DENSE_FORWARD_REVIEW_CANDIDATES_WITHOUT_COMMERCIAL_PROMOTION,"{""COMMERCIAL_GOAL"": ""FASTEST_SAFE_PATH_TO_COMMERCIALLY_USABLE_SYSTEM"", ""DECISION"": ""STAGE32D_HAS_REVIEW_CANDIDATE_NEEDS_EXTENDED_SHADOW_RESEARCH_ONLY"", ""EXECUTION_STATUS"": ""RESEARCH_SHADOW_ONLY"", ""Generated_UTC"": ""2026-06-14T18:23:01+00:00"", ""NO_EA_CHANGE"": ""True"", ""NO_ORDER_AUTHORIZATION"": ""True"", ""NO_PAPER_LIVE"": ""True"", ""PRIMARY_OBJECTIVE"": ""TIGHTEN_DENSE_FORWARD_REVIEW_CANDIDATES_WITHOUT_COMMERCIAL_PROMOTION"", ""candidate_summary_rows"": ""9"", ""diagnostic_rows"": ""9"", ""extended_min_signals"": ""40"", ""extended_review_ready_count"": ""0"", ""ledger_rows"": ""158"", ""min_pf_x4"": ""1.25"", ""min_review_signals"": ""20"", ""min_win_rate"": ""0.55"", ""pause_or_repair_count"": ""5"", ""promising_low_n_count"": ""2"", ""reviewable_needs_extended_count"": ""1""}"
data/reports/stage32c_dense_forward_shadow_tracker/stage32c_dense_forward_shadow_tracker.md,2026-06-14T18:23:00+00:00,11797,026000000000385;028499999999985;044624999999906;09695000000047;161200000000099;172350000000188;180700000000433;19509999999982;243799999999828;286399999999594;333900000000176;335199999999896;361500000000342;378675000000294;472275000000446;537200000000302;612424999999712;672199999999611;7167999999997847;7257999999997993;733499999999912;781800000000294;840550000000258;915300000000025;999825000000238;COLLECT_FORWARD_OBSERVABLE_SAMPLES_FROM_DENSE_FAMILIES;COMMERCIAL_GOAL;DECISION;DENSE_FORWARD_REVIEW_QUEUE_RESEARCH_ONLY;EXECUTION_STATUS;FASTEST_SAFE_PATH_TO_COMMERCIALLY_USABLE_SYSTEM;FORWARD_SAMPLE_COLLECTION_ACTIVE_RESEARCH_ONLY;KEEP_COLLECTING_FORWARD_SAMPLES;NO_EA_CHANGE;NO_ORDER_AUTHORIZATION;NO_PAPER_LIVE;PRIMARY_OBJECTIVE;RESEARCH_SHADOW_ONLY;RESOLVED_M1_REPLAY_SHADOW;REVIEW_DENSE_FORWARD_CANDIDATES,"{""COMMERCIAL_GOAL"": ""FASTEST_SAFE_PATH_TO_COMMERCIALLY_USABLE_SYSTEM"", ""DECISION"": ""STAGE32C_HAS_DENSE_FORWARD_REVIEW_QUEUE_RESEARCH_ONLY"", ""EXECUTION_STATUS"": ""RESEARCH_SHADOW_ONLY"", ""Generated_UTC"": ""2026-06-14T18:22:37+00:00"", ""NO_EA_CHANGE"": ""True"", ""NO_ORDER_AUTHORIZATION"": ""True"", ""NO_PAPER_LIVE"": ""True"", ""PRIMARY_OBJECTIVE"": ""COLLECT_FORWARD_OBSERVABLE_SAMPLES_FROM_DENSE_FAMILIES"", ""candidate_summary_rows"": ""9"", ""family_summary_rows"": ""3"", ""latest_h1_utc"": ""2026-06-12 23:00:00+00:00"", ""latest_m1_utc"": ""2026-06-12 23:54:00+00:00"", ""ledger_signal_rows"": ""158"", ""lookback_days"": ""30"", ""min_signals_before_review"": ""20"", ""queue_rows"": ""17"", ""review_queue_candidate_count"": ""1"", ""selected_specs"": ""9"", ""snapshot_signal_rows"": ""170""}"
data/reports/stage32b_dense_forward_shadow_intake/stage32b_dense_forward_shadow_intake.md,2026-06-14T18:22:36+00:00,13673,ADD_TO_DENSE_FORWARD_SHADOW_INTAKE;CANDIDATE_SUPPLY_DENSITY_BLOCKER;COMMERCIAL_GOAL;COMMERCIAL_TRANSITION_BLOCKED_RESEARCH_SHADOW_ONLY;EXECUTION_STATUS;FASTEST_SAFE_PATH_TO_COMMERCIALLY_USABLE_SYSTEM;INCREASE_FORWARD_OBSERVABLE_CANDIDATE_SUPPLY;KEEP_AS_LOW_CADENCE_WATCHLIST;LOW_CADENCE_CANDIDATE_SUPPLY;LOW_PRIORITY_FOR_COMMERCIAL_PATH_NOW;NO_EA_CHANGE;NO_ORDER_AUTHORIZATION;NO_PAPER_LIVE;NO_REVIEW_READY_FORWARD_ACTIVE_CANDIDATE;PRIMARY_DENSE;PRIMARY_DENSE_FORWARD_SHADOW;PRIMARY_OBJECTIVE;REJECTED_OR_ERROR_SOURCE;REJECT_LOW_DENSITY;REPAIR_AND_RETEST_BEFORE_PRIMARY_INTAKE;REPAIR_DENSE_VARIANTS_THEN_RETEST;RESEARCH_SHADOW_ONLY;REVIEW_READY_NOT_PROMOTED;ROUTE_TOP_VARIANTS_TO_DENSE_FORWARD_SHADOW_INTAKE;SECONDARY_REPAIR;SECONDARY_REPAIR_THEN_SHADOW;STAGE32B_DENSE_FORWARD_SHADOW_INTAKE_QUEUE_READY_RESEARCH_SHADOW_ONLY;STAGE32B_DENSE_REJECTED_REPAIR_QUEUE;STAGE32B_DENSE_SHADOW_INTAKE;STAGE32B_EXOGENOUS_WATCHLIST_ONLY;STAGE32B_GENERIC_AGGREGATE_ROW_REPAIR_FIRST;STAGE32B_LOW_DENSITY_REJECT_FOR_PRIMARY_INTAKE;STAGE32B_STRONG_DENSE_SHADOW_INTAKE;WATCHLIST_EXOGENOUS,"{""COMMERCIAL_GOAL"": ""FASTEST_SAFE_PATH_TO_COMMERCIALLY_USABLE_SYSTEM"", ""EXECUTION_STATUS"": ""RESEARCH_SHADOW_ONLY"", ""Generated_UTC"": ""2026-06-14T18:22:36+00:00"", ""NO_EA_CHANGE"": ""TRUE"", ""NO_ORDER_AUTHORIZATION"": ""TRUE"", ""NO_PAPER_LIVE"": ""TRUE"", ""PRIMARY_OBJECTIVE"": ""INCREASE_FORWARD_OBSERVABLE_CANDIDATE_SUPPLY"", ""candidate_registry_exists"": ""True"", ""candidate_registry_path"": ""data/reports/research_shadow_orchestrator/candidate_registry.csv"", ""candidate_supply_summary_path"": ""data/reports/research_shadow_orchestrator/candidate_supply_summary.csv"", ""classification_counts"": ""{\""STAGE32B_DENSE_REJECTED_REPAIR_QUEUE\"": 18, \""STAGE32B_DENSE_SHADOW_INTAKE\"": 3, \""STAGE32B_EXOGENOUS_WATCHLIST_ONLY\"": 360, \""STAGE32B_GENERIC_AGGREGATE_ROW_REP..."", ""commercial_goal"": ""FASTEST_SAFE_PATH_TO_COMMERCIALLY_USABLE_SYSTEM"", ""commercial_summary_path"": ""data/reports/research_shadow_orchestrator/commercial_readiness_summary.json"", ""decision"": ""STAGE32B_DENSE_FORWARD_SHADOW_INTAKE_QUEUE_READY_RESEARCH_SHADOW_ONLY"", ""dense_repair_review_rows"": ""19"", ""enriched_candidate_rows"": ""433"", ""exogenous_watchlist_rows"": ""360"", ""family_count"": ""23"", ""input_candidate_identity_rows"": ""433"", ""max_total_queue"": ""24"", ""max_variants_per_family"": ""4"", ""min_event_count"": ""500"", ""min_forward_samples_before_review"": ""20"", ""primary_shadow_queue_rows"": ""7"", ""research_shadow_only"": ""True"", ""secondary_repair_queue_rows"": ""10"", ""shadow_queue_rows"": ""17"", ""strong_event_count"": ""1000"", ""target_forward_days"": ""30"", ""tier_counts"": ""{\""PRIMARY_DENSE\"": 7, \""REJECT_LOW_DENSITY\"": 47, \""SECONDARY_REPAIR\"": 19, \""WATCHLIST_EXOGENOUS\"": 360}""}"
data/reports/stage30b_ml_lite_feature_ranker/stage30b_ml_lite_feature_ranker.md,2026-06-14T18:04:58+00:00,14775,STAGE25C;STAGE28A;STAGE28B;STAGE29A;STAGE30B_ALLOW_DIRECTION;STAGE30B_NO_ML_LITE_PROMOTION_KEEP_RESEARCH_OPEN,"{""blocked_features"": ""`direction_num, year, source_stage, source_file, family, candidate_name`"", ""direction_num_is_blocked_by_default_unless_STAGE30B_ALLOW_DIRECTION"": ""1."", ""ensemble_rows"": ""`12`"", ""family_holdout_rows"": ""`18`"", ""feature_count"": ""`11`"", ""features_used"": ""`prior_day_range, asia_range, asia_eff, london_range, london_eff, h1_range, h1_atr20, h1_atr20_pct_rank_250, entry_hour, dow, month`"", ""oos_gate_rows"": ""`49`"", ""rows_used_after_dedup"": ""`8497`"", ""selected_gate_rows"": ""`48`"", ""years"": ""`[2022, 2023, 2024, 2025, 2026]`""}"
data/reports/stage30a_candidate_pool_builder_ml_dataset/stage30a_candidate_pool_builder_ml_dataset.md,2026-06-14T18:04:31+00:00,9873,STAGE25C;STAGE27B;STAGE27C;STAGE28A;STAGE28B;STAGE29A;STAGE30A_ML_META_DATASET_READY_FOR_STAGE30B_REVIEW_ONLY,"{""Generated_UTC"": ""`2026-06-14T18:04:31.198582+00:00`"", ""artifact_count_discovered"": ""`10`"", ""artifact_count_loaded"": ""`6`"", ""feature_cols_ready"": ""`prior_day_range, asia_range, asia_eff, london_range, london_eff, h1_range, h1_atr20, h1_atr20_pct_rank_250, direction_num, entry_hour, dow, month`"", ""feature_cols_ready_count"": ""`12`"", ""min_pool_events"": ""`250`"", ""ml_dataset_rows"": ""`17951`""}"
data/reports/stage29a_high_range_regime_continuation_discovery/stage29a_high_range_regime_continuation_discovery.md,2026-06-14T18:04:06+00:00,6225,STAGE29A_NO_PROMOTION_KEEP_DISCOVERY_OPEN;STAGE29A_REJECT,"{""Generated_UTC"": ""`2026-06-14T18:04:05+00:00`"", ""London_range_is_completed_before_entries_at_13"": ""00+; quantile thresholds are prior-day rolling only."", ""candidate_review_count"": ""`0`"", ""candidates_passing_min_events"": ""`10`"", ""candidates_tested"": ""`10`"", ""candle_table"": ""`bars`"", ""csv_fallback_enabled"": ""`False`"", ""db_first"": ""`True`"", ""db_path"": ""`data/local/xauusd_local_store.sqlite`"", ""description"": ""Use Stage28C high London/prior range insight to create denser continuation variants, not merely gate the sparse Stage23B event."", ""family_count"": ""`4`"", ""h1_mode"": ""`db_schema_introspection`"", ""h1_rows"": ""`25608`"", ""h1_rows_stage29a"": ""`25608`"", ""h1_span"": ""`2022-05-01 23:00:00+00:00 → 2026-06-12 23:00:00+00:00`"", ""h1_span_stage29a"": ""`2022-05-01 23:00:00+00:00 → 2026-06-12 23:00:00+00:00`"", ""m15_rows_stage29a"": ""`102355`"", ""m15_span_stage29a"": ""`2022-05-01 23:00:00+00:00 → 2026-06-12 23:45:00+00:00`"", ""m1_mode"": ""`db_schema_introspection`"", ""m1_rows"": ""`1534217`"", ""m1_rows_stage29a"": ""`1534217`"", ""m1_span"": ""`2022-05-01 23:01:00+00:00 → 2026-06-12 23:54:00+00:00`"", ""m1_span_stage29a"": ""`2022-05-01 23:01:00+00:00 → 2026-06-12 23:54:00+00:00`"", ""name"": ""`high_range_regime_continuation_density_expansion`"", ""registry_candidate_count"": ""`132`"", ""replay_cache_size"": ""`891`"", ""runtime_seconds"": ""`241.81`"", ""scheduled_candidate_count"": ""`40`"", ""timed_out"": ""`True`"", ""watchlist_only_count"": ""`0`""}"
data/reports/stage28d_forward_safe_meta_gate_tracker/stage28d_forward_safe_meta_gate_tracker.md,2026-06-14T18:00:02+00:00,4447,43434343434343436;LATE_DETECTED_ALREADY_RESOLVED;STAGE28D_NO_ACTIVE_META_GATE_FORWARD_SIGNAL_RESEARCH_ONLY,"{""Candidate"": ""`S28D_META_FILTERED_S23B_B_eff0.60_pb0.1_h180_tp0.6_sl0.65_london_q60_prior_q25`"", ""Family"": ""`london_oneway_continuation`"", ""Gate"": ""`stage28c_london_q60_prior_q25_expanding`"", ""Gate_rule"": ""`london_range >= prior-event q60` AND `prior_day_range >= prior-event q25`"", ""Generated_UTC"": ""2026-06-14T17:59:29+00:00"", ""H1_rows_used"": ""`25608` | span: `2022-05-01 23:00:00+00:00 → 2026-06-12 23:00:00+00:00`"", ""M15_rows_derived"": ""`102355` | span: `2022-05-01 23:00:00+00:00 → 2026-06-12 23:45:00+00:00`"", ""M1_rows_used"": ""`1534217` | span: `2022-05-01 23:01:00+00:00 → 2026-06-12 23:54:00+00:00`"", ""Minimum_prior_calibration_events"": ""`25`"", ""candle_table"": ""`bars`"", ""csv_fallback_enabled"": ""`False`"", ""db_first"": ""`True`"", ""db_path"": ""`data/local/xauusd_local_store.sqlite`"", ""h1_mode"": ""`db_schema_introspection`"", ""h1_rows"": ""`25608`"", ""h1_rows_stage28d"": ""`25608`"", ""h1_span"": ""`2022-05-01 23:00:00+00:00 → 2026-06-12 23:00:00+00:00`"", ""ledger_total_rows"": ""0"", ""m15_rows_stage28d"": ""`102355`"", ""m1_mode"": ""`db_schema_introspection`"", ""m1_rows"": ""`1534217`"", ""m1_rows_stage28d"": ""`1534217`"", ""m1_span"": ""`2022-05-01 23:01:00+00:00 → 2026-06-12 23:54:00+00:00`"", ""new_forward_open_count"": ""0"", ""new_late_backfill_count"": ""0"", ""new_signal_count"": ""0"", ""newly_resolved_forward_count"": ""0"", ""open_signal_count_now"": ""0"", ""recent_events_after_gate"": ""0"", ""recent_events_before_gate"": ""0""}"
data/reports/stage28c_forward_safe_meta_gate_validation/stage28c_forward_safe_meta_gate_validation.md,2026-06-14T17:59:27+00:00,63688,019999999999982;02600000000002;029999999999927;032000000000016;05600000000004;069999999999983;072000000000207;074000000000023;103000000000065;112000000000125;115000000000009;133999999999924;134999999999932;1400000000001;148000000000115;149999999999906;150000000000093;160000000000082;161999999999903;170000000000073;193999999999823;203999999999997;229999999999976;23000000000001;237999999999968;23800000000001;239999999999782;24000000000001;249999999999908;255999999999947;26200000000008;288000000000011;337999999999939;338000000000056;345999999999869;353999999999857;376999999999907;387999999999918;390000000000077;40500000000007,"{""Stage28C_is_stricter_than_Stage28B"": ""global quantile thresholds are no longer enough for validation."", ""csv_fallback_enabled"": ""`False`"", ""db_first"": ""`True`"", ""db_path"": ""`data/local/xauusd_local_store.sqlite`"", ""gate_defs_available"": ""`16`"", ""gate_defs_total"": ""`16`"", ""h1_rows"": ""`25608`"", ""loader_mode"": ""`reused:app.stage25c_deduped_filter_validation.load_bars_from_db`"", ""m1_rows"": ""`1534217`"", ""min_calib_events"": ""`25`"", ""min_events"": ""`25`"", ""rows"": ""`100`"", ""rows_after_event_dedup"": ""`100`"", ""selected_artifact"": ""`data/reports/stage28b_ml_meta_feature_screen/stage28b_normalized_lineage_trades.csv`"", ""time_column_used"": ""`entry_ts_norm`"", ""validated_count"": ""`16`"", ""watchlist_only_count"": ""`0`""}"
data/reports/stage27c_db_first_h1_atr_gate_validation/stage27c_db_first_h1_atr_gate_validation.md,2026-06-14T17:58:59+00:00,9247,0293600000000005;578963613461408;653421789024173;72574332566553;851412305366161;STAGE27C_GATE_VALIDATED_REVIEW_ONLY;STAGE27C_H1_ATR_GATE_VALIDATED_REVIEW_ONLY,"{""Generated_UTC"": ""`2026-06-14T17:58:59.730311+00:00`"", ""H1_ATR_gate_is_anti-leakage_validated"": ""H1 bar_end must be <= entry_time."", ""csv_fallback_enabled"": ""`False`"", ""db_first"": ""`True`"", ""db_path"": ""`data/local/xauusd_local_store.sqlite`"", ""h1_rows"": ""`25608` | span: `2022-05-01 23:00:00+00:00 → 2026-06-12 23:00:00+00:00`"", ""m1_rows"": ""`1534217` | span: `2022-05-01 23:01:00+00:00 → 2026-06-12 23:54:00+00:00`"", ""requested_candidate"": ""`S23B_B_pb0.1_eff0.60_h180_tp0.6_sl0.65`"", ""rows_after_event_dedup"": ""`100`"", ""selected_artifact"": ""`data/reports/stage25c_deduped_filter_validation/stage25c_enriched_canonical_trades.csv`""}"
data/reports/stage27b_db_first_lineage_gate_discovery/stage27b_db_first_lineage_gate_discovery.md,2026-06-14T17:58:44+00:00,9819,0293600000000005;578963613461408;653421789024173;7789723241189819;851412305366161;STAGE27B_GATE_CANDIDATE_REVIEW_ONLY;STAGE27B_HAS_GATE_CANDIDATE_REVIEW_ONLY;STAGE27B_REJECT;STAGE27B_WATCHLIST_ONLY,"{""Generated_UTC"": ""`2026-06-14T17:58:44.107653+00:00`"", ""candle_table"": ""`bars`"", ""csv_fallback_enabled"": ""`False`"", ""db_first"": ""`True`"", ""db_path"": ""`data/local/xauusd_local_store.sqlite`"", ""gate_candidate_review_count"": ""`6`"", ""gate_candidates_tested"": ""`29`"", ""h1_rows"": ""`25608` | span: `2022-05-01 23:00:00+00:00 → 2026-06-12 23:00:00+00:00`"", ""m15_rows"": ""`102547` | span: `2022-05-01 23:15:00+00:00 → 2026-06-13 00:00:00+00:00`"", ""m1_rows"": ""`1534217` | span: `2022-05-01 23:01:00+00:00 → 2026-06-12 23:54:00+00:00`"", ""requested_candidate"": ""`S23B_B_pb0.1_eff0.60_h180_tp0.6_sl0.65`"", ""rows_after_event_dedup"": ""`100`"", ""runtime_seconds"": ""`15.21`"", ""selected_artifact"": ""`data/reports/stage25c_deduped_filter_validation/stage25c_enriched_canonical_trades.csv`"", ""watchlist_only_count"": ""`1`""}"
data/reports/stage28a_discovery_factory_batch_runner/stage28a_discovery_factory_batch_runner.md,2026-06-14T17:58:27+00:00,6703,STAGE28A_NO_PROMOTION_KEEP_DISCOVERY_OPEN;STAGE28A_REJECT,"{""Generated_UTC"": ""`2026-06-14T17:58:27.482467+00:00`"", ""Hotfix"": ""registry execution is family-interleaved with a per-family cap so timeout-limited runs still cover all families."", ""candidate_review_count"": ""`0`"", ""candidates_passing_min_events"": ""`28`"", ""candidates_tested"": ""`30`"", ""csv_fallback_enabled"": ""`False`"", ""db_first"": ""`True`"", ""db_path"": ""`data/local/xauusd_local_store.sqlite`"", ""family_count"": ""`5`"", ""h1_rows"": ""`25608`"", ""h1_span"": ""`2022-05-01 23:00:00+00:00 → 2026-06-12 23:00:00+00:00`"", ""loader_mode"": ""`reused:app.stage25c_deduped_filter_validation.load_bars_from_db`"", ""m15_rows"": ""`102355`"", ""m15_span"": ""`2022-05-01 23:00:00+00:00 → 2026-06-12 23:45:00+00:00`"", ""m1_rows"": ""`1534217`"", ""m1_span"": ""`2022-05-01 23:01:00+00:00 → 2026-06-12 23:54:00+00:00`"", ""max_candidates_per_family"": ""`6`"", ""registry_candidate_count"": ""`71`"", ""runtime_seconds"": ""`172.74`"", ""scheduled_candidate_count"": ""`30`"", ""timed_out"": ""`False`"", ""watchlist_only_count"": ""`0`""}"
data/reports/active_shadow_suite_exogenous_watchlist/active_shadow_suite_exogenous_watchlist.md,2026-06-14T17:55:33+00:00,890,ACTIVE_SHADOW_SUITE_COMPLETED;ACTIVE_SHADOW_SUITE_WITH_EXOGENOUS_WATCHLIST_COMPLETED;STAGE31G_LOW_CADENCE_WATCHLIST_REVIEW_ONLY,"{""Generated_UTC"": ""`2026-06-14T17:55:33.683264+00:00`"", ""active_suite_decision"": ""`ACTIVE_SHADOW_SUITE_COMPLETED`"", ""exogenous_watchlist_decision"": ""`STAGE31G_LOW_CADENCE_WATCHLIST_REVIEW_ONLY`""}"
data/reports/stage31e_exogenous_forward_shadow_tracker/stage31e_exogenous_forward_shadow_tracker.md,2026-06-14T17:55:33+00:00,5250,STAGE31E_FORWARD_SHADOW_ACTIVE_SIGNAL_REVIEW_ONLY,"{""Generated_UTC"": ""`2026-06-14T17:55:33.153352+00:00`"", ""dataset_rows"": ""`17124`"", ""gate_defs_loaded"": ""`8`"", ""gate_defs_tracked"": ""`8`"", ""lookback_hours"": ""`4320`"", ""recent_signal_gate_count"": ""`8`"", ""recent_signal_rows"": ""`4`"", ""tracker_results"": ""`8`""}"
data/reports/stage31g_exogenous_active_suite_watchlist/stage31g_exogenous_active_suite_watchlist.md,2026-06-14T17:55:33+00:00,4417,STAGE31E_FORWARD_SHADOW_ACTIVE_SIGNAL_REVIEW_ONLY;STAGE31E_NO_RECENT_FORWARD_SHADOW_SIGNAL_RESEARCH_ONLY;STAGE31F_LOW_CADENCE_WATCHLIST_REVIEW_ONLY;STAGE31G_LOW_CADENCE_WATCHLIST_REVIEW_ONLY,"{""Generated_UTC"": ""`2026-06-14T17:55:33.499120+00:00`"", ""latest_recent_entry_ts"": ""`2026-03-06 13:01:00+00:00`"", ""long_recent_signal_rows"": ""`4`"", ""max_recent_signal_rows"": ""`4`"", ""mid_recent_signal_rows"": ""`0`"", ""reason"": ""`Only the long lookback window has signals; cadence is too sparse for promotion.`"", ""short_recent_signal_rows"": ""`0`""}"
data/reports/stage31f_exogenous_tracker_cadence_audit/stage31f_exogenous_tracker_cadence_audit.md,2026-06-14T17:55:33+00:00,1732,STAGE31E_FORWARD_SHADOW_ACTIVE_SIGNAL_REVIEW_ONLY;STAGE31E_NO_RECENT_FORWARD_SHADOW_SIGNAL_RESEARCH_ONLY;STAGE31F_LOW_CADENCE_WATCHLIST_REVIEW_ONLY,"{""Generated_UTC"": ""`2026-06-14T17:55:33.465733+00:00`"", ""any_recent_signal_rows"": ""`1`"", ""lookback_count"": ""`4`"", ""max_recent_signal_rows"": ""`4`""}"
data/reports/stage31f_exogenous_tracker_cadence_audit/stage31e_lookback_4320h.md,2026-06-14T17:55:33+00:00,5250,STAGE31E_FORWARD_SHADOW_ACTIVE_SIGNAL_REVIEW_ONLY,"{""Generated_UTC"": ""`2026-06-14T17:55:33.153352+00:00`"", ""dataset_rows"": ""`17124`"", ""gate_defs_loaded"": ""`8`"", ""gate_defs_tracked"": ""`8`"", ""lookback_hours"": ""`4320`"", ""recent_signal_gate_count"": ""`8`"", ""recent_signal_rows"": ""`4`"", ""tracker_results"": ""`8`""}"
data/reports/stage31f_exogenous_tracker_cadence_audit/stage31e_lookback_2160h.md,2026-06-14T17:55:31+00:00,3359,STAGE31E_NO_RECENT_FORWARD_SHADOW_SIGNAL_RESEARCH_ONLY,"{""Generated_UTC"": ""`2026-06-14T17:55:31.397547+00:00`"", ""dataset_rows"": ""`17124`"", ""gate_defs_loaded"": ""`8`"", ""gate_defs_tracked"": ""`8`"", ""lookback_hours"": ""`2160`"", ""recent_signal_gate_count"": ""`0`"", ""recent_signal_rows"": ""`0`"", ""tracker_results"": ""`8`""}"
data/reports/stage31f_exogenous_tracker_cadence_audit/stage31e_lookback_720h.md,2026-06-14T17:55:29+00:00,3358,STAGE31E_NO_RECENT_FORWARD_SHADOW_SIGNAL_RESEARCH_ONLY,"{""Generated_UTC"": ""`2026-06-14T17:55:29.632432+00:00`"", ""dataset_rows"": ""`17124`"", ""gate_defs_loaded"": ""`8`"", ""gate_defs_tracked"": ""`8`"", ""lookback_hours"": ""`720`"", ""recent_signal_gate_count"": ""`0`"", ""recent_signal_rows"": ""`0`"", ""tracker_results"": ""`8`""}"
data/reports/stage31f_exogenous_tracker_cadence_audit/stage31e_lookback_336h.md,2026-06-14T17:55:28+00:00,3358,STAGE31E_NO_RECENT_FORWARD_SHADOW_SIGNAL_RESEARCH_ONLY,"{""Generated_UTC"": ""`2026-06-14T17:55:27.917193+00:00`"", ""dataset_rows"": ""`17124`"", ""gate_defs_loaded"": ""`8`"", ""gate_defs_tracked"": ""`8`"", ""lookback_hours"": ""`336`"", ""recent_signal_gate_count"": ""`0`"", ""recent_signal_rows"": ""`0`"", ""tracker_results"": ""`8`""}"
data/reports/active_shadow_suite/active_shadow_suite.md,2026-06-14T17:55:24+00:00,1605,ACTIVE_SHADOW_SUITE_COMPLETED;STAGE23D_NO_ACTIVE_FORWARD_SIGNAL_RESEARCH_ONLY;STAGE25D_NO_ACTIVE_FILTERED_FORWARD_SIGNAL_RESEARCH_ONLY;STAGE27D_NO_ACTIVE_H1_ATR_FILTERED_FORWARD_SIGNAL_RESEARCH_ONLY;UNIFIED_ACTIVE_NO_SIGNAL_YET,"{""Generated_UTC"": ""`2026-06-14T17:55:24.653865+00:00`""}"
data/reports/stage27d_db_first_h1_atr_filtered_forward_shadow/stage27d_db_first_h1_atr_filtered_forward_shadow.md,2026-06-14T17:55:24+00:00,4260,LATE_DETECTED_ALREADY_RESOLVED;STAGE27D_NO_ACTIVE_H1_ATR_FILTERED_FORWARD_SIGNAL_RESEARCH_ONLY,"{""Candidate"": ""`S27D_H1_ATR_FILTERED_S23B_B_eff0.60_pb0.1_h180_tp0.6_sl0.65_h1atr_drop_low30`"", ""Family"": ""`london_oneway_continuation`"", ""Gate"": ""`h1_atr_drop_low30_strict_completed`"", ""Generated_UTC"": ""2026-06-14T17:55:09+00:00"", ""H1_ATR_period"": ""`20`"", ""H1_ATR_quantile"": ""`0.3`"", ""H1_rows_used"": ""`25608` | span: `2022-05-01 23:00:00+00:00 → 2026-06-12 23:00:00+00:00`"", ""M15_rows_derived"": ""`102355` | span: `2022-05-01 23:00:00+00:00 → 2026-06-12 23:45:00+00:00`"", ""M1_rows_used"": ""`1534217` | span: `2022-05-01 23:01:00+00:00 → 2026-06-12 23:54:00+00:00`"", ""Minimum_calibration_days"": ""`250`"", ""candle_table"": ""`bars`"", ""csv_fallback_enabled"": ""`False`"", ""db_first"": ""`True`"", ""db_path"": ""`data/local/xauusd_local_store.sqlite`"", ""h1_mode"": ""`db_schema_introspection`"", ""h1_rows"": ""`25608`"", ""h1_rows_stage27d"": ""`25608`"", ""h1_span"": ""`2022-05-01 23:00:00+00:00 → 2026-06-12 23:00:00+00:00`"", ""ledger_total_rows"": ""0"", ""m15_rows_stage27d"": ""`102355`"", ""m1_mode"": ""`db_schema_introspection`"", ""m1_rows"": ""`1534217`"", ""m1_rows_stage27d"": ""`1534217`"", ""m1_span"": ""`2022-05-01 23:01:00+00:00 → 2026-06-12 23:54:00+00:00`"", ""new_forward_open_count"": ""0"", ""new_late_backfill_count"": ""0"", ""new_signal_count"": ""0"", ""newly_resolved_forward_count"": ""0"", ""recent_events_after_gate"": ""0"", ""recent_events_before_gate"": ""0""}"
data/reports/stage25d_db_first_filtered_forward_shadow/stage25d_db_first_filtered_forward_shadow.md,2026-06-14T17:55:09+00:00,4016,LATE_DETECTED_ALREADY_RESOLVED;STAGE25D_NO_ACTIVE_FILTERED_FORWARD_SIGNAL_RESEARCH_ONLY,"{""Anti-leakage_rule"": ""full `early_ny_range` filters are intentionally not used at entry hour 13 because the full 13-16 window is not knowable at entry time."", ""Candidate"": ""`S25D_FILTERED_S23B_B_eff0.60_pb0.1_h180_tp0.6_sl0.65_london_range_drop_low30`"", ""Family"": ""`london_oneway_continuation`"", ""Filter"": ""`london_range_drop_low30`"", ""Filter_quantile"": ""`0.3`"", ""Generated_UTC"": ""2026-06-14T17:54:55+00:00"", ""H1_rows_used"": ""`25608` | span: `2022-05-01 23:00:00+00:00 → 2026-06-12 23:00:00+00:00`"", ""M15_rows_derived"": ""`102355` | span: `2022-05-01 23:00:00+00:00 → 2026-06-12 23:45:00+00:00`"", ""M1_rows_used"": ""`1534217` | span: `2022-05-01 23:01:00+00:00 → 2026-06-12 23:54:00+00:00`"", ""Minimum_calibration_days"": ""`250`"", ""candle_table"": ""`bars`"", ""csv_fallback_enabled"": ""`False`"", ""db_first"": ""`True`"", ""db_path"": ""`data/local/xauusd_local_store.sqlite`"", ""h1_mode"": ""`db_schema_introspection`"", ""h1_rows"": ""`25608`"", ""h1_rows_stage25d"": ""`25608`"", ""h1_span"": ""`2022-05-01 23:00:00+00:00 → 2026-06-12 23:00:00+00:00`"", ""ledger_total_rows"": ""0"", ""m15_rows_stage25d"": ""`102355`"", ""m1_mode"": ""`db_schema_introspection`"", ""m1_rows"": ""`1534217`"", ""m1_rows_stage25d"": ""`1534217`"", ""m1_span"": ""`2022-05-01 23:01:00+00:00 → 2026-06-12 23:54:00+00:00`"", ""new_forward_open_count"": ""0"", ""new_late_backfill_count"": ""0"", ""new_signal_count"": ""0"", ""newly_resolved_forward_count"": ""0"", ""recent_events_after_filter"": ""0"", ""recent_events_before_filter"": ""0""}"
data/reports/stage23d_forward_shadow_candidate/stage23d_forward_shadow_candidate.md,2026-06-14T17:54:55+00:00,3110,FORWARD_OPEN_FIRST_SEEN_BEFORE_OUTCOME;LATE_DETECTED_ALREADY_RESOLVED;STAGE23D_NO_ACTIVE_FORWARD_SIGNAL_RESEARCH_ONLY,"{""Candidate"": ""`S23D_PRIMARY_S23B_B_eff0.60_pb0.1_h180_tp0.6_sl0.65`"", ""Family"": ""`london_oneway_continuation`"", ""Generated_UTC"": ""2026-06-14T17:54:39+00:00"", ""H1_rows_used"": ""`25608` | span: `2022-05-01 23:00:00+00:00 → 2026-06-12 23:00:00+00:00`"", ""Lookback_hours"": ""336"", ""M15_rows_derived"": ""`102355` | span: `2022-05-01 23:00:00+00:00 → 2026-06-12 23:45:00+00:00`"", ""M1_rows_used"": ""`1534217` | span: `2022-05-01 23:01:00+00:00 → 2026-06-12 23:54:00+00:00`"", ""Roundtrip_cost_x1"": ""0.35"", ""candle_table"": ""`bars`"", ""csv_fallback_enabled"": ""`False`"", ""db_first"": ""`True`"", ""db_path"": ""`data/local/xauusd_local_store.sqlite`"", ""forward_valid_resolved_count"": ""0"", ""h1_mode"": ""`db_schema_introspection`"", ""ledger_total_rows"": ""0"", ""m1_mode"": ""`db_schema_introspection`"", ""new_forward_open_count"": ""0"", ""new_late_backfill_count"": ""0"", ""new_signal_count"": ""0"", ""newly_resolved_forward_count"": ""0"", ""open_signal_count_now"": ""0"", ""recent_events_found_in_lookback"": ""0"", ""resolved_signal_count_in_ledger"": ""0""}"
data/reports/stage18e_shortlist_forward_shadow_collector/stage18e_shortlist_forward_shadow_collector.md,2026-06-14T17:54:39+00:00,2492,BROKER_BAR_TIME;C1_PDL_RECLAIM_H6;C2_ASIA_HIGH_NY_H48;SHORTLIST_ACTIVE_NO_SIGNAL_YET,"{""Generated_wall_UTC"": ""`2026-06-14T17:54:29+00:00`"", ""Tool_version"": ""`v1`"", ""candidate_summary_csv"": ""`data/reports/stage18e_shortlist_forward_shadow_collector/stage18e_candidate_summary.csv`"", ""candidates_csv"": ""`data/reports/stage18e_shortlist_forward_shadow_collector/stage18e_scan_candidates.csv`"", ""clock_mode"": ""`BROKER_BAR_TIME`"", ""collector_start_bar_time"": ""`2026-06-11T10:45:00+00:00`"", ""data_after_collector_start"": ""`True`"", ""final_decision"": ""`SHORTLIST_ACTIVE_NO_SIGNAL_YET`"", ""journal_csv"": ""`data/reports/stage18e_shortlist_forward_shadow_collector/stage18e_shortlist_forward_shadow_journal.csv`"", ""journal_rows"": ""`0`"", ""json"": ""`data/reports/stage18e_shortlist_forward_shadow_collector/stage18e_shortlist_forward_shadow_collector.json`"", ""late_detected_this_run"": ""`0`"", ""latest_completed_m15_broker_time"": ""`2026-06-12T23:45:00+00:00`"", ""m1_last_broker_time"": ""`2026-06-12T23:54:00+00:00`"", ""md"": ""`data/reports/stage18e_shortlist_forward_shadow_collector/stage18e_shortlist_forward_shadow_collector.md`"", ""new_logged_this_run"": ""`0`"", ""resolved_this_run"": ""`0`"", ""scan_candidates"": ""`13`"", ""skipped_before_start"": ""`13`"", ""state_json"": ""`data/reports/stage18e_shortlist_forward_shadow_collector/stage18e_collector_state.json`""}"
data/reports/stage18a_unified_shadow_ops_cycle/stage18a_unified_shadow_ops_cycle.md,2026-06-14T17:54:39+00:00,3908,BROKER_FORWARD_ACTIVE_NO_SIGNAL_YET;C1_PDL_RECLAIM_H6;C2_ASIA_HIGH_NY_H48;SHORTLIST_ACTIVE_NO_SIGNAL_YET;TRUE_FORWARD_STARTED_NO_SIGNALS_YET;UNIFIED_ACTIVE_NO_SIGNAL_YET,"{""Generated_UTC"": ""`2026-06-14T17:50:11+00:00`"", ""Import_report"": ""`data/reports/stage16e_amarkets_csv_refresh_cycle/stage16e_amarkets_csv_refresh_cycle.md`"", ""Stage16C_report"": ""`data/reports/stage16c_true_forward_shadow_collector/stage16c_true_forward_shadow_collector.md`"", ""Stage17D_report"": ""`data/reports/stage17d_broker_time_forward_shadow_collector/stage17d_broker_time_forward_shadow_collector.md`"", ""Stage18A_v2_is_now_the_preferred_manual_loop"": ""import once, then run Stage16C, Stage17D, and Stage18E."", ""Stage18E_report"": ""`data/reports/stage18e_shortlist_forward_shadow_collector/stage18e_shortlist_forward_shadow_collector.md`"", ""Tool_version"": ""`v2_with_stage18e`"", ""after_latest_bar_utc"": ""`2026-06-12T23:54:00+00:00`"", ""bar_state"": ""`{'m1_first_broker_time': '2022-05-01T23:01:00+00:00', 'm1_last_broker_time': '2026-06-12T23:54:00+00:00', 'latest_completed_m15_broker_time': '2026-06-12T23..."", ""before_latest_bar_utc"": ""`2026-06-12T23:54:00+00:00`"", ""command_status"": ""`ok`"", ""counts"": ""`{'scan_candidates': 4, 'new_logged_this_run': 0, 'skipped_before_collector_start': 4, 'resolved_this_run': 0, 'journal_rows': 0, 'valid_forward_rows': 0, 'c..."", ""files_imported"": ""`2`"", ""final_decision"": ""`UNIFIED_ACTIVE_NO_SIGNAL_YET`"", ""import_status"": ""`ok`"", ""json"": ""`data/reports/stage18a_unified_shadow_ops_cycle/stage18a_unified_shadow_ops_cycle.json`"", ""latest_changed"": ""`False`"", ""md"": ""`data/reports/stage18a_unified_shadow_ops_cycle/stage18a_unified_shadow_ops_cycle.md`"", ""rows_upserted"": ""`1478915`"", ""stage16c_decision"": ""TRUE_FORWARD_STARTED_NO_SIGNALS_YET"", ""stage17d_decision"": ""BROKER_FORWARD_ACTIVE_NO_SIGNAL_YET"", ""stage18e_decision"": ""SHORTLIST_ACTIVE_NO_SIGNAL_YET""}"
data/reports/stage16c_true_forward_shadow_collector/stage16c_true_forward_shadow_collector.md,2026-06-14T17:54:17+00:00,2057,TRUE_FORWARD_STARTED_NO_SIGNALS_YET,"{""Generated_UTC"": ""`2026-06-14T17:54:05+00:00`"", ""Tool_version"": ""`v1`"", ""candidates_csv"": ""`data/reports/stage16c_true_forward_shadow_collector/stage16c_scan_candidates.csv`"", ""closed_valid_forward_rows"": ""`0`"", ""collector_start_utc"": ""`2026-06-11T06:22:12+00:00`"", ""entry"": ""`next M15 open`"", ""exit"": ""`60 minutes after entry`"", ""final_decision"": ""`TRUE_FORWARD_STARTED_NO_SIGNALS_YET`"", ""journal_csv"": ""`data/reports/stage16c_true_forward_shadow_collector/stage16c_true_forward_shadow_journal.csv`"", ""journal_rows"": ""`0`"", ""json"": ""`data/reports/stage16c_true_forward_shadow_collector/stage16c_true_forward_shadow_collector.json`"", ""late_or_invalid_rows"": ""`0`"", ""latest_m15_bar_utc"": ""`2026-06-13T00:00:00+00:00`"", ""macro_context"": ""`real_yield_10y_chg5_up`"", ""md"": ""`data/reports/stage16c_true_forward_shadow_collector/stage16c_true_forward_shadow_collector.md`"", ""new_logged_this_run"": ""`0`"", ""open_valid_forward_rows"": ""`0`"", ""reclaim_max"": ""`1.55`"", ""resolved_this_run"": ""`0`"", ""scan_candidates"": ""`4`"", ""setup"": ""`prev_day_low_sweep_rejection`"", ""side"": ""`LONG` research direction"", ""skipped_before_collector_start"": ""`4`"", ""state_json"": ""`data/reports/stage16c_true_forward_shadow_collector/stage16c_collector_state.json`"", ""sweep_depth_min"": ""`1.62`"", ""valid_forward_rows"": ""`0`""}"
data/reports/stage16e_amarkets_csv_refresh_cycle/stage16e_amarkets_csv_refresh_cycle.md,2026-06-14T17:54:03+00:00,1810,,"{""Generated_UTC"": ""`2026-06-14T17:50:13+00:00`"", ""Tool_version"": ""`v2_imported_utc_fix`"", ""after_latest_bar_utc"": ""`2026-06-12T23:54:00+00:00`"", ""bars_has_imported_utc"": ""`True`"", ""bars_has_ingested_at"": ""`True`"", ""before_latest_bar_utc"": ""`2026-06-12T23:54:00+00:00`"", ""cycle_returncode"": ""`None`"", ""cycle_status"": ""`skipped`"", ""files_discovered"": ""`2`"", ""files_error"": ""`0`"", ""files_imported"": ""`2`"", ""files_skipped"": ""`0`"", ""import_csv"": ""`data/reports/stage16e_amarkets_csv_refresh_cycle/stage16e_import_results.csv`"", ""json"": ""`data/reports/stage16e_amarkets_csv_refresh_cycle/stage16e_amarkets_csv_refresh_cycle.json`"", ""latest_changed"": ""`False`"", ""md"": ""`data/reports/stage16e_amarkets_csv_refresh_cycle/stage16e_amarkets_csv_refresh_cycle.md`"", ""rows_upserted"": ""`1478915`"", ""stage16d_final_decision"": ""`None`""}"
data/reports/stage31e_exogenous_forward_shadow_tracker/stage31e_lookback_180d.md,2026-06-13T22:55:11+00:00,5250,STAGE31E_FORWARD_SHADOW_ACTIVE_SIGNAL_REVIEW_ONLY,"{""Generated_UTC"": ""`2026-06-13T22:55:11.139245+00:00`"", ""dataset_rows"": ""`17124`"", ""gate_defs_loaded"": ""`8`"", ""gate_defs_tracked"": ""`8`"", ""lookback_hours"": ""`4320`"", ""recent_signal_gate_count"": ""`8`"", ""recent_signal_rows"": ""`4`"", ""tracker_results"": ""`8`""}"
data/reports/stage31e_exogenous_forward_shadow_tracker/stage31e_lookback_90d.md,2026-06-13T22:55:09+00:00,3359,STAGE31E_NO_RECENT_FORWARD_SHADOW_SIGNAL_RESEARCH_ONLY,"{""Generated_UTC"": ""`2026-06-13T22:55:09.192974+00:00`"", ""dataset_rows"": ""`17124`"", ""gate_defs_loaded"": ""`8`"", ""gate_defs_tracked"": ""`8`"", ""lookback_hours"": ""`2160`"", ""recent_signal_gate_count"": ""`0`"", ""recent_signal_rows"": ""`0`"", ""tracker_results"": ""`8`""}"
data/reports/stage31e_exogenous_forward_shadow_tracker/stage31e_lookback_30d.md,2026-06-13T22:55:07+00:00,3358,STAGE31E_NO_RECENT_FORWARD_SHADOW_SIGNAL_RESEARCH_ONLY,"{""Generated_UTC"": ""`2026-06-13T22:55:07.080014+00:00`"", ""dataset_rows"": ""`17124`"", ""gate_defs_loaded"": ""`8`"", ""gate_defs_tracked"": ""`8`"", ""lookback_hours"": ""`720`"", ""recent_signal_gate_count"": ""`0`"", ""recent_signal_rows"": ""`0`"", ""tracker_results"": ""`8`""}"
data/reports/stage31d_exogenous_candidate_confirmation/stage31d_exogenous_candidate_confirmation.md,2026-06-13T22:47:56+00:00,32612,STAGE31D_FRAGILE_CONFIRMED_DIAGNOSTIC_ONLY;STAGE31D_HAS_CONFIRMED_EXOGENOUS_CANDIDATE_REVIEW_ONLY;STAGE31D_REJECT_CONFIRMATION,"{""Generated_UTC"": ""`2026-06-13T22:47:56.808421+00:00`"", ""confirmation_results"": ""`40`"", ""confirmed_candidate_count"": ""`10`"", ""dataset_rows"": ""`17124`"", ""fragile_confirmation_count"": ""`20`"", ""rejected_count"": ""`10`"", ""stage31c_gate_defs_loaded"": ""`40`"", ""year_diagnostic_rows"": ""`160`""}"
data/reports/stage31c_exogenous_edge_audit/stage31c_exogenous_edge_audit.md,2026-06-13T22:40:48+00:00,27658,STAGE31C_EXOGENOUS_AUDIT_CANDIDATE_REVIEW_ONLY;STAGE31C_FRAGILE_POSITIVE_DIAGNOSTIC_ONLY;STAGE31C_HAS_EXOGENOUS_AUDIT_CANDIDATE_REVIEW_ONLY,"{""Generated_UTC"": ""`2026-06-13T22:40:48.016212+00:00`"", ""audit_results"": ""`1360`"", ""candidate_review_count"": ""`120`"", ""fragile_positive_count"": ""`26`"", ""gate_defs"": ""`272`"", ""overlay_defs"": ""`5`"", ""rows_after_parse"": ""`17124`"", ""strong_candidate_count"": ""`94`"", ""weak_watchlist_count"": ""`0`""}"
data/reports/stage31b_exogenous_gate_validation/stage31b_exogenous_gate_validation.md,2026-06-13T22:31:26+00:00,14925,REJECT_NO_FORWARD_EDGE;REVIEW_WEAK_IMPROVEMENT_ONLY;STAGE31B_HAS_WEAK_EXOGENOUS_GATE_IMPROVEMENT_REVIEW_ONLY,"{""Candidate-pool_quality_still_matters"": ""Stage30A included weak families, so lineage-specific results should be read before global results."", ""Generated_UTC"": ""`2026-06-13T22:27:27.077685+00:00`"", ""candidate_review_count"": ""`4`"", ""feature_count"": ""`42`"", ""gate_result_count"": ""`5275`"", ""scope_count"": ""`49`"", ""strong_candidate_count"": ""`0`"", ""weak_improvement_count"": ""`4`""}"
data/reports/stage31a_exogenous_feature_ingestion/stage31a_exogenous_feature_ingestion.md,2026-06-13T22:22:32+00:00,11719,00242322;00770761;STAGE31A_EXOGENOUS_FEATURE_DATASET_READY_FOR_STAGE31B_REVIEW_ONLY,"{""All_joined_exogenous_values_use_asof/backward_joins_only"": ""no future values are allowed."", ""Generated_UTC"": ""`2026-06-13T22:22:32.920826+00:00`"", ""base_rows"": ""`17124`"", ""enriched_rows"": ""`17124`"", ""expected_source_count"": ""`7`"", ""feature_quality_rows"": ""`195`"", ""numeric_sources_loaded"": ""`6`"", ""output_feature_cols"": ""`57`"", ""sources_loaded"": ""`6`"", ""templates_created_this_run"": ""`0`""}"
data/reports/stage28b_ml_meta_feature_screen/stage28b_ml_meta_feature_screen.md,2026-06-12T20:23:17+00:00,18965,STAGE28B_GATE_CANDIDATE_REVIEW_ONLY;STAGE28B_STRICT_HAS_FORWARD_SAFE_META_GATE_CANDIDATE_REVIEW_ONLY,"{""Hotfix2_strict_mode"": ""only entry-time forward-safe whitelisted features are screened."", ""csv_fallback_enabled"": ""`False`"", ""db_first"": ""`True`"", ""db_path"": ""`data/local/xauusd_local_store.sqlite`"", ""excluded_feature_count"": ""`47`"", ""feature_count"": ""`9`"", ""gate_candidate_review_count"": ""`86`"", ""gate_candidates_tested"": ""`354`"", ""h1_rows"": ""`25607`"", ""loader_mode"": ""`reused:app.stage25c_deduped_filter_validation.load_bars_from_db`"", ""m1_rows"": ""`1534149`"", ""pairwise_gate_count"": ""`206`"", ""rows"": ""`100`"", ""rows_after_event_dedup"": ""`100`"", ""selected_artifact"": ""`data/reports/stage25c_deduped_filter_validation/stage25c_enriched_canonical_trades.csv`"", ""single_gate_count"": ""`148`"", ""strict_forward_safe"": ""`True`"", ""time_column_used"": ""`entry_time`"", ""watchlist_only_count"": ""`84`""}"
data/reports/stage25c_deduped_filter_validation/stage25c_deduped_filter_validation.md,2026-06-11T17:05:24+00:00,11955,0293600000000005;578963613461408;653421789024173;851412305366161;STAGE25B_FILTER_CANDIDATE_REVIEW_ONLY;STAGE25B_REJECT;STAGE25C_DEDUPED_FILTER_CANDIDATE_REVIEW_ONLY;STAGE25C_DEDUPED_HAS_FILTER_CANDIDATE_REVIEW_ONLY;STAGE25C_REJECT,"{""Generated_UTC"": ""`2026-06-11T17:05:24.774346+00:00`"", ""available_candidate_count"": ""`6`"", ""available_candidates_sample"": ""`S23B_A_dup_pb0.3_eff0.72_h180_tp0.6_sl0.65, S23B_A_h90_sensitivity_eff0.72_tp0.6_sl0.65, S23B_A_pb0.1_eff0.72_h180_tp0.6_sl0.65, S23B_B_dup_pb0.3_eff0.60_h1..."", ""candle_table"": ""`bars`"", ""canonical_rows_after_event_dedup"": ""`100`"", ""canonical_rows_before_event_dedup"": ""`100`"", ""db_path"": ""`/Users/vahid/Desktop/xauusd-trader/data/local/xauusd_local_store.sqlite`"", ""h1_mode"": ""`db_schema_introspection`"", ""h1_rows"": ""`25579`"", ""h1_span"": ""`2022-05-01 23:00:00+00:00 → 2026-06-11 17:00:00+00:00`"", ""m1_mode"": ""`db_schema_introspection`"", ""m1_rows"": ""`1532440`"", ""m1_span"": ""`2022-05-01 23:01:00+00:00 → 2026-06-11 17:15:00+00:00`"", ""requested_candidate"": ""`S23B_B_pb0.1_eff0.60_h180_tp0.6_sl0.65`"", ""selection_mode"": ""`exact_candidate_name`""}"
