feature,gate,threshold,status,retained_events,retained_ratio,pf_x4,pf_x6,total_x4,win_rate_x4,lift_pf_x4,non_null_ratio,rank_score
direction_num,direction_num==0.0,,categorical_bucket,100.0,0.0056,2.851412,1.653422,127.61561,0.81,2.567165,1.0,3.23575172
prior_day_aligned,,,low_coverage,,,,,,,,0.0223,0.0
london_aligned,,,low_coverage,,,,,,,,0.0223,0.0
entry_hour,entry_hour==15,,categorical_bucket,1062.0,0.0592,0.335066,0.192731,-1363.550125,0.338983,0.050819,1.0,-2.6280985
entry_hour,entry_hour==14,,categorical_bucket,1062.0,0.0592,0.269836,0.14881,-1610.9086,0.3371,-0.014411,1.0,-3.1990257
month,month==1.0,,categorical_bucket,1436.0,0.08,0.315908,0.193609,-1892.37384,0.287604,0.031661,1.0,-3.7046844300000004
month,month==6.0,,categorical_bucket,1403.0,0.0782,0.266428,0.137076,-1861.632345,0.290093,-0.017819,1.0,-3.7068146900000003
month,month==4.0,,categorical_bucket,1418.0,0.079,0.444476,0.294068,-1986.852645,0.408322,0.160229,1.0,-3.73995929
month,month==5.0,,categorical_bucket,1761.0,0.0981,0.425984,0.26003,-2070.604365,0.372516,0.141737,1.0,-3.9344642300000006
month,month==12.0,,categorical_bucket,1474.0,0.0821,0.22884,0.109405,-1979.462305,0.284939,-0.055407,1.0,-3.98698036
month,month==11.0,,categorical_bucket,1535.0,0.0855,0.24962,0.132641,-2236.994285,0.267101,-0.034627,1.0,-4.47545532
month,month==7.0,,categorical_bucket,1442.0,0.0803,0.101799,0.021262,-2170.59016,0.255201,-0.182448,1.0,-4.51831282
month,month==8.0,,categorical_bucket,1511.0,0.0842,0.093138,0.019676,-2200.318155,0.227664,-0.191109,1.0,-4.58682631
month,month==10.0,,categorical_bucket,1593.0,0.0887,0.290487,0.177394,-2346.08187,0.31764,0.00624,1.0,-4.64157524
month,month==9.0,,categorical_bucket,1486.0,0.0828,0.124189,0.040086,-2293.069635,0.241588,-0.160058,1.0,-4.736175769999999
month,month==3.0,,categorical_bucket,1551.0,0.0864,0.400458,0.275215,-2468.12341,0.350741,0.116211,1.0,-4.75123207
month,month==2.0,,categorical_bucket,1341.0,0.0747,0.269952,0.186541,-2891.46312,0.260999,-0.014295,1.0,-5.75058599
dow,dow==0,,categorical_bucket,2727.0,0.1519,0.318731,0.191553,-4055.874955,0.330766,0.034484,1.0,-8.02937766
dow,dow==2,,categorical_bucket,3747.0,0.2087,0.325454,0.186546,-4886.000865,0.310915,0.041207,1.0,-9.68415823
dow,dow==3,,categorical_bucket,3768.0,0.2099,0.280979,0.163566,-5645.14778,0.304936,-0.003268,1.0,-11.25267206
dow,dow==4,,categorical_bucket,3822.0,0.2129,0.24459,0.139889,-5693.81289,0.243851,-0.039657,1.0,-11.39231053
entry_hour,entry_hour==9,,categorical_bucket,4067.0,0.2266,0.273567,0.164176,-5860.6854,0.218589,-0.01068,1.0,-11.6910068
entry_hour,entry_hour==12,,categorical_bucket,4133.0,0.2302,0.255503,0.141442,-5988.3517,0.284781,-0.028744,1.0,-11.9700869
london_eff,london_eff_ge_q75,0.68318,numeric_quantile,4497.0,0.2505,0.322478,0.186821,-6031.35512,0.321325,0.038231,1.0,-11.977773990000001
dow,dow==1,,categorical_bucket,3887.0,0.2165,0.262646,0.14982,-6116.729645,0.31078,-0.021601,1.0,-12.217605290000002
prior_day_range,prior_day_range_le_q25,17.78,numeric_quantile,4499.0,0.2506,0.086903,0.02789,-6200.29599,0.176706,-0.197344,1.0,-12.59096348
h1_atr20_pct_rank_250,h1_atr20_pct_rank_250_le_q25,0.12,numeric_quantile,4508.0,0.2511,0.200612,0.095904,-6333.826255,0.273957,-0.083635,0.9983,-12.72731151
asia_eff,asia_eff_le_q25,0.221239,numeric_quantile,4490.0,0.2501,0.332939,0.206453,-6471.543585,0.305122,0.048692,1.0,-12.84278192
h1_atr20,h1_atr20_le_q25,3.9075,numeric_quantile,4490.0,0.2501,0.011354,0.000735,-6332.175695,0.057016,-0.272893,0.9994,-12.93706064
h1_range,h1_range_le_q25,3.42,numeric_quantile,4505.0,0.251,0.015632,0.001515,-6381.61386,0.067703,-0.268615,1.0,-13.03146397
london_range,london_range_le_q25,9.12,numeric_quantile,4496.0,0.2505,0.011,0.000991,-6400.20353,0.055827,-0.273247,1.0,-13.07340631
asia_range,asia_range_le_q25,7.05,numeric_quantile,4534.0,0.2526,0.016579,0.001179,-6590.132675,0.077856,-0.267668,1.0,-13.4476386
h1_range,h1_range_ge_q75,8.98,numeric_quantile,4494.0,0.2503,0.542565,0.403465,-7038.803015,0.480418,0.258318,1.0,-13.718421780000002
h1_atr20_pct_rank_250,h1_atr20_pct_rank_250_ge_q75,0.656,numeric_quantile,4514.0,0.2515,0.40815,0.276765,-6989.112485,0.348693,0.123903,0.9983,-13.78513072
asia_eff,asia_eff_ge_q75,0.603175,numeric_quantile,4490.0,0.2501,0.269946,0.159537,-7049.504385,0.279287,-0.014301,1.0,-14.07342552
london_range,london_range_ge_q75,22.54,numeric_quantile,4493.0,0.2503,0.541228,0.4048,-7224.86135,0.475629,0.256981,1.0,-14.0915417
london_eff,london_eff_le_q25,0.250509,numeric_quantile,4505.0,0.251,0.260211,0.147054,-7083.396725,0.302775,-0.024036,1.0,-14.15406595
asia_range,asia_range_ge_q75,24.27,numeric_quantile,4495.0,0.2504,0.536487,0.400929,-7348.725795,0.475417,0.25224,1.0,-14.34497934
h1_atr20,h1_atr20_ge_q75,9.305,numeric_quantile,4492.0,0.2502,0.539694,0.405435,-7380.15859,0.470837,0.255447,0.9994,-14.40351143
prior_day_range,prior_day_range_ge_q75,47.26,numeric_quantile,4502.0,0.2508,0.497145,0.36548,-7673.88968,0.451577,0.212898,1.0,-15.04351136
london_eff,london_eff_ge_q65,0.593151,numeric_quantile,6285.0,0.3501,0.307209,0.177703,-8786.004835,0.318377,0.022962,1.0,-17.504621919999998
prior_day_range,prior_day_range_le_q35,21.77,numeric_quantile,6289.0,0.3503,0.092421,0.030767,-8697.83558,0.183654,-0.191826,1.0,-17.579805410000002
h1_atr20_pct_rank_250,h1_atr20_pct_rank_250_le_q35,0.2,numeric_quantile,6319.0,0.352,0.19979,0.095393,-8925.67146,0.27267,-0.084457,0.9983,-17.91195167
asia_eff,asia_eff_le_q35,0.296092,numeric_quantile,6283.0,0.35,0.313971,0.187709,-9015.142675,0.314659,0.029724,1.0,-17.9536341
h1_atr20,h1_atr20_le_q35,4.433,numeric_quantile,6280.0,0.3498,0.01618,0.00106,-8864.69079,0.091401,-0.268067,0.9994,-17.99718358
h1_range,h1_range_le_q35,4.01,numeric_quantile,6285.0,0.3501,0.025693,0.0033,-8979.79857,0.103898,-0.258554,1.0,-18.217326140000004
london_range,london_range_le_q35,10.57,numeric_quantile,6285.0,0.3501,0.016453,0.001171,-8999.212385,0.087987,-0.267794,1.0,-18.265926020000002
asia_range,asia_range_le_q35,8.44,numeric_quantile,6293.0,0.3506,0.023756,0.001688,-9068.812275,0.114095,-0.260491,1.0,-18.397693550000003
h1_atr20_pct_rank_250,h1_atr20_pct_rank_250_ge_q65,0.516,numeric_quantile,6279.0,0.3498,0.384882,0.254811,-9603.681805,0.336041,0.100635,0.9983,-19.04302586
asia_eff,asia_eff_ge_q65,0.529231,numeric_quantile,6285.0,0.3501,0.264842,0.152091,-9606.027645,0.281941,-0.019405,1.0,-19.19343754
london_range,london_range_ge_q65,18.36,numeric_quantile,6286.0,0.3502,0.488904,0.343994,-9761.787865,0.471206,0.204657,1.0,-19.23292023
direction_num,direction_num==-1.0,,categorical_bucket,7973.0,0.4442,0.379723,0.22952,-9702.72012,0.327731,0.095476,1.0,-19.25258424
h1_range,h1_range_ge_q65,6.92,numeric_quantile,6290.0,0.3504,0.485132,0.340923,-9829.343755,0.465501,0.200885,1.0,-19.37257176
asia_range,asia_range_ge_q65,16.73,numeric_quantile,6295.0,0.3507,0.486366,0.341587,-9867.12977,0.466402,0.202119,1.0,-19.44674379
h1_atr20,h1_atr20_ge_q65,6.9545,numeric_quantile,6283.0,0.35,0.49046,0.345339,-9882.09632,0.467293,0.206213,0.9994,-19.47164489
london_eff,london_eff_le_q35,0.345569,numeric_quantile,6284.0,0.3501,0.262748,0.149708,-9787.03485,0.300605,-0.021499,1.0,-19.5581417
london_eff,london_eff_ge_q60,0.55716,numeric_quantile,7193.0,0.4007,0.304912,0.176614,-10017.34611,0.311136,0.020665,1.0,-19.96987372
prior_day_range,prior_day_range_ge_q65,37.9,numeric_quantile,6303.0,0.3511,0.451474,0.312581,-10124.39486,0.435348,0.167227,1.0,-20.003417470000002
prior_day_range,prior_day_range_le_q40,23.8,numeric_quantile,7182.0,0.4001,0.092576,0.031443,-10091.82086,0.184489,-0.191671,1.0,-20.36745197
h1_atr20,h1_atr20_le_q40,4.733,numeric_quantile,7177.0,0.3998,0.021354,0.001518,-10087.30306,0.114672,-0.262893,0.9994,-20.43711962
h1_range,h1_range_le_q40,4.34,numeric_quantile,7185.0,0.4003,0.031384,0.003805,-10144.875165,0.123869,-0.252863,1.0,-20.541662080000002
h1_atr20_pct_rank_250,h1_atr20_pct_rank_250_le_q40,0.244,numeric_quantile,7223.0,0.4024,0.197156,0.093859,-10250.503945,0.269556,-0.087091,0.9983,-20.56463414
asia_range,asia_range_le_q40,9.23,numeric_quantile,7187.0,0.4004,0.029691,0.002438,-10211.52414,0.131905,-0.254556,1.0,-20.67699478
asia_eff,asia_eff_le_q40,0.342391,numeric_quantile,7195.0,0.4008,0.309654,0.185204,-10427.884255,0.315636,0.025407,1.0,-20.78406051
london_range,london_range_le_q40,11.36,numeric_quantile,7187.0,0.4004,0.022037,0.001545,-10307.393905,0.111451,-0.26221,1.0,-20.876611560000004
asia_eff,asia_eff_ge_q60,0.494759,numeric_quantile,7207.0,0.4015,0.268902,0.154096,-10820.30165,0.282364,-0.015345,1.0,-21.6174243
asia_range,asia_range_ge_q60,14.15,numeric_quantile,7189.0,0.4005,0.46428,0.316884,-11041.0714,0.458896,0.180033,1.0,-21.822888800000005
h1_atr20,h1_atr20_ge_q60,6.227,numeric_quantile,7178.0,0.3999,0.468711,0.320135,-11047.63156,0.465729,0.184464,0.9994,-21.830765369999998
h1_atr20_pct_rank_250,h1_atr20_pct_rank_250_ge_q60,0.456,numeric_quantile,7186.0,0.4003,0.367602,0.23947,-11056.71562,0.329947,0.083355,0.9983,-21.97020874
london_range,london_range_ge_q60,16.44,numeric_quantile,7185.0,0.4003,0.464081,0.3182,-11149.38419,0.463883,0.179834,1.0,-22.03938438
h1_range,h1_range_ge_q60,6.1,numeric_quantile,7188.0,0.4004,0.460638,0.315621,-11158.819205,0.456455,0.176391,1.0,-22.06234216
london_eff,london_eff_le_q40,0.390483,numeric_quantile,7183.0,0.4001,0.263405,0.153064,-11320.1229,0.291243,-0.020842,1.0,-22.622821800000004
prior_day_range,prior_day_range_ge_q60,34.2,numeric_quantile,7197.0,0.4009,0.429318,0.290627,-11457.27636,0.424343,0.145071,1.0,-22.696824969999998
entry_hour,entry_hour==13,,categorical_bucket,7627.0,0.4249,0.299082,0.17491,-11574.07031,0.337223,0.014835,1.0,-23.08957812
london_eff,london_eff_ge_q50,0.462103,numeric_quantile,8976.0,0.5,0.297495,0.171268,-12557.938885,0.301136,0.013248,1.0,-25.05981277
prior_day_range,prior_day_range_le_q50,28.34,numeric_quantile,8991.0,0.5009,0.104351,0.035691,-12521.901355,0.20476,-0.179896,1.0,-25.21477596
h1_atr20_pct_rank_250,h1_atr20_pct_rank_250_le_q50,0.336,numeric_quantile,8963.0,0.4993,0.210559,0.10411,-12745.503835,0.271226,-0.073688,0.9983,-25.538668169999998
asia_range,asia_range_le_q50,11.45,numeric_quantile,8979.0,0.5002,0.03784,0.004113,-12734.01417,0.156031,-0.246407,1.0,-25.71340709
h1_range,h1_range_le_q50,5.1,numeric_quantile,8978.0,0.5001,0.042718,0.005306,-12748.05041,0.159167,-0.241529,1.0,-25.736303319999998
london_range,london_range_le_q50,13.52,numeric_quantile,8986.0,0.5006,0.034248,0.002794,-12754.88024,0.149232,-0.249999,1.0,-25.75906098
h1_atr20,h1_atr20_le_q50,5.3605,numeric_quantile,8977.0,0.5001,0.030882,0.002642,-12944.503785,0.144258,-0.253365,0.9994,-26.14171207
asia_eff,asia_eff_ge_q50,0.418605,numeric_quantile,8997.0,0.5012,0.276519,0.157434,-13176.77951,0.289763,-0.007728,1.0,-26.321928520000004
asia_eff,asia_eff_le_q50,0.418605,numeric_quantile,8981.0,0.5003,0.290797,0.170894,-13287.9751,0.306425,0.00655,1.0,-26.5266767
h1_atr20,h1_atr20_ge_q50,5.3605,numeric_quantile,8975.0,0.5,0.427694,0.278389,-13467.955845,0.452256,0.143447,0.9994,-26.72286744
london_range,london_range_ge_q50,13.52,numeric_quantile,8979.0,0.5002,0.423523,0.276503,-13653.616945,0.447154,0.139276,1.0,-27.09883214
h1_range,h1_range_ge_q50,5.1,numeric_quantile,8980.0,0.5003,0.420481,0.275123,-13664.3186,0.437305,0.136234,1.0,-27.123622450000003
asia_range,asia_range_ge_q50,11.45,numeric_quantile,8990.0,0.5008,0.421755,0.275436,-13686.447015,0.439933,0.137508,1.0,-27.16652703
h1_atr20_pct_rank_250,h1_atr20_pct_rank_250_ge_q50,0.336,numeric_quantile,9014.0,0.5021,0.341231,0.214787,-13715.52462,0.325716,0.056984,0.9983,-27.32036849
prior_day_range,prior_day_range_ge_q50,28.34,numeric_quantile,8978.0,0.5001,0.393862,0.256941,-13892.88538,0.392849,0.109615,1.0,-27.611920509999997
london_eff,london_eff_le_q50,0.462103,numeric_quantile,8987.0,0.5006,0.271702,0.158042,-13845.60565,0.295204,-0.012545,1.0,-27.6642458
london_eff,london_eff_ge_q40,0.390483,numeric_quantile,10780.0,0.6005,0.299103,0.172518,-15090.977035,0.303432,0.014856,1.0,-30.12396857
prior_day_range,prior_day_range_le_q60,34.2,numeric_quantile,10778.0,0.6004,0.110573,0.039021,-15002.8689,0.213769,-0.173674,1.0,-30.16965655
h1_atr20_pct_rank_250,h1_atr20_pct_rank_250_le_q60,0.456,numeric_quantile,10770.0,0.6,0.209337,0.10249,-15327.292735,0.277252,-0.07491,0.9983,-30.70387297
h1_range,h1_range_le_q60,6.1,numeric_quantile,10781.0,0.6006,0.058748,0.008981,-15278.09038,0.192746,-0.225499,1.0,-30.77943451
london_range,london_range_le_q60,16.44,numeric_quantile,10801.0,0.6017,0.051658,0.005398,-15327.292045,0.188408,-0.232589,1.0,-30.88582359
h1_atr20,h1_atr20_le_q60,6.227,numeric_quantile,10768.0,0.5999,0.045497,0.004451,-15349.57787,0.186664,-0.23875,0.9994,-30.936792989999997
asia_range,asia_range_le_q60,14.15,numeric_quantile,10777.0,0.6004,0.056442,0.009397,-15375.822385,0.191612,-0.227805,1.0,-30.977100519999997
asia_eff,asia_eff_le_q60,0.494759,numeric_quantile,10772.0,0.6001,0.294307,0.171296,-15601.06413,0.308763,0.01006,1.0,-31.149244260000003
asia_eff,asia_eff_ge_q40,0.342391,numeric_quantile,10780.0,0.6005,0.266993,0.150272,-15971.670005,0.288033,-0.017254,1.0,-31.92302601
london_range,london_range_ge_q40,11.36,numeric_quantile,10788.0,0.601,0.388806,0.24424,-16119.47018,0.423063,0.104559,1.0,-32.07332136
h1_atr20_pct_rank_250,h1_atr20_pct_rank_250_ge_q40,0.244,numeric_quantile,10761.0,0.5995,0.330659,0.204761,-16164.72756,0.317814,0.046412,0.9983,-32.23185287
asia_range,asia_range_ge_q40,9.23,numeric_quantile,10785.0,0.6008,0.385335,0.243119,-16223.917585,0.408716,0.101088,1.0,-32.28596742
h1_range,h1_range_ge_q40,4.34,numeric_quantile,10772.0,0.6001,0.384598,0.24248,-16251.08117,0.41515,0.100351,1.0,-32.341191339999995
h1_atr20,h1_atr20_ge_q40,4.733,numeric_quantile,10765.0,0.5997,0.386117,0.242849,-16307.64312,0.420529,0.10187,0.9994,-32.45270399
prior_day_range,prior_day_range_ge_q40,23.8,numeric_quantile,10775.0,0.6002,0.367223,0.23155,-16300.006275,0.374664,0.082976,1.0,-32.45914905
prior_day_range,prior_day_range_le_q65,37.9,numeric_quantile,11676.0,0.6504,0.116692,0.041689,-16315.72082,0.224392,-0.167555,1.0,-32.78857439
london_eff,london_eff_le_q60,0.55716,numeric_quantile,10780.0,0.6005,0.270586,0.156481,-16414.024975,0.289239,-0.013661,1.0,-32.8025907
london_eff,london_eff_ge_q35,0.345569,numeric_quantile,11682.0,0.6508,0.296267,0.172662,-16630.994485,0.297381,0.01202,1.0,-33.20680347
h1_atr20,h1_atr20_le_q65,6.9545,numeric_quantile,11671.0,0.6502,0.055643,0.00561,-16517.00151,0.207609,-0.228604,0.9994,-33.26120452
asia_range,asia_range_le_q65,16.73,numeric_quantile,11674.0,0.6503,0.064538,0.010738,-16548.44179,0.207727,-0.219709,1.0,-33.313908080000004
h1_range,h1_range_le_q65,6.92,numeric_quantile,11672.0,0.6502,0.068642,0.01243,-16580.656305,0.208191,-0.215605,1.0,-33.37381011
london_range,london_range_le_q65,18.36,numeric_quantile,11675.0,0.6504,0.064365,0.009862,-16659.12077,0.205225,-0.219882,1.0,-33.53565804
asia_eff,asia_eff_le_q65,0.529231,numeric_quantile,11683.0,0.6508,0.294573,0.171149,-16817.603415,0.306771,0.010326,1.0,-33.58209358
h1_atr20_pct_rank_250,h1_atr20_pct_rank_250_le_q65,0.516,numeric_quantile,11673.0,0.6503,0.211804,0.10466,-16775.83475,0.278335,-0.072443,0.9983,-33.597947500000004
direction_num,direction_num==1.0,,categorical_bucket,9878.0,0.5503,0.205339,0.111367,-16822.461625,0.269488,-0.078908,1.0,-33.695989499999996
asia_range,asia_range_ge_q35,8.44,numeric_quantile,11673.0,0.6503,0.371708,0.230656,-17347.66926,0.398013,0.087461,1.0,-34.55021352
london_range,london_range_ge_q35,10.57,numeric_quantile,11681.0,0.6507,0.372279,0.230252,-17423.962225,0.411694,0.088032,1.0,-34.70232945
h1_range,h1_range_ge_q35,4.01,numeric_quantile,11673.0,0.6503,0.370225,0.229588,-17429.86309,0.402896,0.085978,1.0,-34.71635118
asia_eff,asia_eff_ge_q35,0.296092,numeric_quantile,11668.0,0.65,0.267794,0.151837,-17382.42346,0.289595,-0.016453,1.0,-34.74334067
h1_atr20,h1_atr20_ge_q35,4.433,numeric_quantile,11664.0,0.6498,0.370811,0.229566,-17530.27429,0.409465,0.086564,0.9994,-34.916593080000006
h1_atr20_pct_rank_250,h1_atr20_pct_rank_250_ge_q35,0.2,numeric_quantile,11689.0,0.6512,0.320669,0.196282,-17525.68117,0.312259,0.036422,0.9983,-34.965869839999996
london_eff,london_eff_le_q65,0.593151,numeric_quantile,11682.0,0.6508,0.272015,0.157492,-17629.22515,0.287194,-0.012232,1.0,-35.2313093
prior_day_range,prior_day_range_ge_q35,21.77,numeric_quantile,11681.0,0.6507,0.351212,0.218844,-17729.425705,0.359644,0.066965,1.0,-35.33717541
prior_day_range,prior_day_range_le_q75,47.26,numeric_quantile,13468.0,0.7503,0.134399,0.048729,-18738.79913,0.247624,-0.149848,1.0,-37.61526401
h1_atr20,h1_atr20_le_q75,9.305,numeric_quantile,13458.0,0.7497,0.088226,0.017472,-19011.405,0.240749,-0.196021,0.9994,-38.214463
asia_range,asia_range_le_q75,24.27,numeric_quantile,13471.0,0.7504,0.094714,0.022684,-19069.43689,0.239552,-0.189533,1.0,-38.32273578
london_range,london_range_le_q75,22.54,numeric_quantile,13472.0,0.7505,0.092862,0.021261,-19187.04456,0.239311,-0.191385,1.0,-38.56015887
london_eff,london_eff_ge_q25,0.250509,numeric_quantile,13465.0,0.7501,0.292342,0.170378,-19345.34201,0.296472,0.008095,1.0,-38.63999452
asia_eff,asia_eff_le_q75,0.603175,numeric_quantile,13473.0,0.7505,0.289205,0.166204,-19358.842325,0.304461,0.004958,1.0,-38.67117565
h1_range,h1_range_le_q75,8.98,numeric_quantile,13468.0,0.7503,0.099396,0.02664,-19391.66792,0.2376,-0.184851,1.0,-38.96152684
h1_atr20_pct_rank_250,h1_atr20_pct_rank_250_le_q75,0.656,numeric_quantile,13460.0,0.7498,0.225487,0.116151,-19474.56247,0.280758,-0.05876,0.9983,-38.97884719
asia_range,asia_range_ge_q25,7.05,numeric_quantile,13474.0,0.7506,0.342714,0.207107,-19913.53874,0.372273,0.058467,1.0,-39.71683373
asia_eff,asia_eff_ge_q25,0.221239,numeric_quantile,13487.0,0.7513,0.266352,0.149511,-19980.819275,0.29584,-0.017895,1.0,-39.9421558
london_range,london_range_ge_q25,9.12,numeric_quantile,13485.0,0.7512,0.34199,0.206372,-20033.562455,0.378569,0.057743,1.0,-39.95778891
h1_range,h1_range_ge_q25,3.42,numeric_quantile,13468.0,0.7503,0.341235,0.206271,-20044.485,0.375408,0.056988,1.0,-39.98041425
h1_atr20,h1_atr20_ge_q25,3.9075,numeric_quantile,13456.0,0.7496,0.341522,0.206322,-20060.549735,0.378567,0.057275,0.9994,-40.01224397000001
h1_atr20_pct_rank_250,h1_atr20_pct_rank_250_ge_q25,0.12,numeric_quantile,13501.0,0.7521,0.308679,0.185299,-20042.56401,0.307829,0.024432,0.9983,-40.01437127
prior_day_range,prior_day_range_ge_q25,17.78,numeric_quantile,13469.0,0.7503,0.328485,0.19983,-20224.435595,0.338629,0.044238,1.0,-40.35467569
london_eff,london_eff_le_q75,0.68318,numeric_quantile,13470.0,0.7504,0.271789,0.157238,-20396.54184,0.290349,-0.012458,1.0,-40.76623218
