decision,filter_name,rule,retained_events,removed_events,retained_ratio,pf_x1,pf_x4,pf_x6,total_x1,total_x4,total_x6,win_rate_x4,median_x4,improvement_pf_x4
STAGE25A_FILTER_CANDIDATE_REVIEW_ONLY,keep_short_only,short-only diagnostic,204,264,0.4359,10.71167936694021,5.565865982252145,3.3383973509306677,687.9085500000001,473.70855000000006,330.90855000000005,0.8284313725490197,1.0522900000000002,2.6862870395033966
STAGE25A_FILTER_CANDIDATE_REVIEW_ONLY,london_range_drop_low30,keep rows satisfying london_range_drop_low30,327,141,0.6987,10.13207077761095,5.425874000227012,3.4501915884307848,1067.05617,723.70617,494.8061700000001,0.8593272171253823,1.4170000000000005,2.5462950574782632
STAGE25A_FILTER_CANDIDATE_REVIEW_ONLY,asia_range_drop_low30,keep rows satisfying asia_range_drop_low30,327,141,0.6987,8.720870753452985,4.74052125549596,3.068549645101078,1043.5969,700.2469,471.3469000000001,0.8440366972477065,1.40543,1.8609423127472113
STAGE25A_FILTER_CANDIDATE_REVIEW_ONLY,early_ny_range_drop_low30,keep rows satisfying early_ny_range_drop_low30,330,138,0.7051,8.054053882065652,4.417192385865777,2.8479124397740407,1030.91019,684.41019,453.41019000000006,0.8393939393939394,1.4170000000000005,1.5376134431170283
STAGE25A_FILTER_CANDIDATE_REVIEW_ONLY,london_range_drop_low20,keep rows satisfying london_range_drop_low20,375,93,0.8013,8.401102200380459,4.3524181624656135,2.632942858436159,1091.67227,697.92227,435.42227000000014,0.8293333333333334,1.18857,1.4728392197168652
STAGE25A_FILTER_CANDIDATE_REVIEW_ONLY,early_ny_range_drop_low20,keep rows satisfying early_ny_range_drop_low20,375,93,0.8013,7.769687637126002,4.127061127680444,2.5425500157392857,1083.01869,689.2686900000001,426.7686900000001,0.8426666666666667,1.18857,1.247482184931696
STAGE25A_FILTER_CANDIDATE_REVIEW_ONLY,diagnostic_drop_year_2022,diagnostic only: exclude year 2022,351,117,0.75,7.494573431496567,3.8823780051052044,2.3903335919881292,1015.87059,647.32059,401.6205900000001,0.7891737891737892,1.17871,1.002799062356456
STAGE25A_FILTER_CANDIDATE_REVIEW_ONLY,prior_day_range_drop_low30,keep rows satisfying prior_day_range_drop_low30,330,138,0.7051,7.161643947987618,3.8335419053760056,2.4569187233751566,985.49093,638.9909299999999,407.9909300000001,0.806060606060606,1.40543,0.9539629626272572
STAGE25A_FILTER_CANDIDATE_REVIEW_ONLY,asia_range_drop_low20,keep rows satisfying asia_range_drop_low20,375,93,0.8013,7.21256355609602,3.7924922644444226,2.372092608981054,1064.4776000000002,670.7275999999999,408.22760000000005,0.8133333333333334,1.18857,0.9129133216956742
STAGE25A_FILTER_CANDIDATE_REVIEW_ONLY,london_eff_middle_30_70,keep rows satisfying london_eff_middle_30_70,192,276,0.4103,7.001059636880533,3.6359552999280162,2.2983285742511557,575.84608,374.24608,239.84608000000006,0.7708333333333334,1.18857,0.7563763571792679
STAGE25A_FILTER_CANDIDATE_REVIEW_ONLY,diagnostic_drop_year_2023,diagnostic only: exclude year 2023,357,111,0.7628,6.784320173991324,3.592988434503112,2.214446933260099,994.79311,619.9431099999999,370.0431100000001,0.803921568627451,1.1495700000000002,0.7134094917543634
STAGE25A_FILTER_CANDIDATE_REVIEW_ONLY,prior_day_range_drop_low20,keep rows satisfying prior_day_range_drop_low20,375,93,0.8013,6.565091006276189,3.3995599433226316,2.1022730125633045,1021.98294,628.23294,365.73294000000016,0.7973333333333333,1.17871,0.5199810005738832
STAGE25A_FILTER_CANDIDATE_REVIEW_ONLY,drop_prior_day_aligned,trade direction not aligned with prior-day direction,231,237,0.4936,6.737288567968675,3.1982746956235237,1.8057010039630066,560.00641,317.45641,155.75641000000005,0.7835497835497836,0.84829,0.31869575287477536
STAGE25A_FILTER_CANDIDATE_REVIEW_ONLY,london_eff_drop_low30,keep rows satisfying london_eff_drop_low30,330,138,0.7051,6.345727938234,3.1873333599985707,1.9258146930789324,860.5509,514.0509000000001,283.05090000000007,0.7696969696969697,1.1495700000000002,0.30775441724982233
STAGE25A_FILTER_CANDIDATE_REVIEW_ONLY,london_eff_drop_low20,keep rows satisfying london_eff_drop_low20,375,93,0.8013,6.2931861381807535,3.15067760780958,1.8747339407254475,954.2384999999999,560.4885,297.98850000000016,0.7813333333333333,1.0780000000000003,0.2710986650608316
STAGE25A_FILTER_CANDIDATE_REVIEW_ONLY,london_eff_middle_20_80,keep rows satisfying london_eff_middle_20_80,285,183,0.609,6.087586946887272,3.0430917159345996,1.815316796168654,726.54308,427.29308000000003,227.7930800000001,0.7614035087719299,1.0870000000000002,0.16351277318585122
STAGE25A_FILTER_CANDIDATE_REVIEW_ONLY,london_eff_drop_high30,keep rows satisfying london_eff_drop_high30,330,138,0.7051,6.058899976451286,3.030483542954003,1.791940085235418,818.27611,471.77611,240.77611000000007,0.7848484848484848,1.0312900000000005,0.15090460020525454
STAGE25A_REJECT,keep_london_aligned,trade direction aligned with London move,468,0,1.0,5.86384088059708,2.8795789427487484,1.6681425688004845,1102.9809300000002,611.58093,283.98093000000017,0.7799145299145299,1.0094300000000005,0.0
STAGE25A_REJECT,keep_entry_hour_13,entry hour equals 13,468,0,1.0,5.86384088059708,2.8795789427487484,1.6681425688004845,1102.9809300000002,611.58093,283.98093000000017,0.7799145299145299,1.0094300000000005,0.0
STAGE25A_REJECT,diagnostic_drop_year_2024,diagnostic only: exclude year 2024,339,129,0.7244,5.518154437747019,2.8136258597731763,1.7182496583414284,849.68697,493.73697000000004,256.4369700000001,0.7522123893805309,0.8534299999999999,-0.06595308297557212
STAGE25A_REJECT,london_eff_drop_high20,keep rows satisfying london_eff_drop_high20,378,90,0.8077,5.6237561992929495,2.746492670714973,1.587709232344739,875.2855099999999,478.38551,213.78551000000013,0.7645502645502645,0.92286,-0.13308627203377554
STAGE25A_REJECT,keep_prior_day_aligned,trade direction aligned with prior-day direction,237,231,0.5064,5.203780343640717,2.6252643942711913,1.5533775122073663,542.97452,294.12452,128.2245200000001,0.7763713080168776,1.0870000000000002,-0.2543145484775571
STAGE25A_REJECT,diagnostic_drop_year_2025,diagnostic only: exclude year 2025,375,93,0.8013,5.593675387437584,2.4940813145510123,1.297218993174073,752.69567,358.94567,96.4456700000001,0.784,0.84829,-0.38549762819773603
STAGE25A_REJECT,diagnostic_drop_year_2026,diagnostic only: exclude year 2026,450,18,0.9615,4.522828322542521,2.003059481984676,1.0267683886358825,798.87738,326.37738,11.377380000000155,0.7711111111111111,0.9065750000000001,-0.8765194607640723
STAGE25A_REJECT,asia_range_middle_30_70,keep rows satisfying asia_range_middle_30_70,189,279,0.4038,4.639688875142616,1.914824448573033,0.8123536089876672,304.08101,105.63101000000002,-26.668989999999937,0.8359788359788359,1.0870000000000002,-0.9647544941757153
STAGE25A_REJECT,early_ny_range_middle_30_70,keep rows satisfying early_ny_range_middle_30_70,189,279,0.4038,4.20692458314702,1.8797852531279957,0.9100877162249945,315.99348000000003,117.54348000000005,-14.756519999999927,0.8201058201058201,1.1495700000000002,-0.9997936896207527
STAGE25A_REJECT,early_ny_range_middle_20_80,keep rows satisfying early_ny_range_middle_20_80,282,186,0.6026,4.321097949018108,1.8381994036318934,0.8377584987299573,454.60743,158.50743000000006,-38.89256999999989,0.8191489361702128,1.0360000000000005,-1.041379539116855
STAGE25A_REJECT,london_range_middle_30_70,keep rows satisfying london_range_middle_30_70,186,282,0.3974,4.580965731992108,1.776111392709683,0.6831770371012703,281.47379,86.17379000000003,-44.02620999999993,0.8333333333333334,0.9914300000000004,-1.1034675500390654
STAGE25A_REJECT,keep_long_only,long-only diagnostic,264,204,0.5641,3.6617702482267536,1.6220782577814052,0.8344819252537774,415.07237999999995,137.87238000000002,-46.9276199999999,0.7424242424242424,0.8641399999999999,-1.2575006849673431
STAGE25A_REJECT,asia_range_middle_20_80,keep rows satisfying asia_range_middle_20_80,282,186,0.6026,3.693589497119398,1.4814065749334064,0.6166684055307898,395.25304,99.15304000000003,-98.2469599999999,0.7872340425531915,1.0274300000000005,-1.398172367815342
STAGE25A_REJECT,london_range_middle_20_80,keep rows satisfying london_range_middle_20_80,282,186,0.6026,3.5952292220319952,1.4232046677824928,0.5750938638993518,382.79971,86.69971000000002,-110.7002899999999,0.7872340425531915,0.9914300000000004,-1.4563742749662556
STAGE25A_REJECT,prior_day_range_middle_20_80,keep rows satisfying prior_day_range_middle_20_80,285,183,0.609,3.251869117841959,1.3306009403585777,0.597908690521936,377.71247,78.46247000000001,-121.03752999999992,0.7649122807017544,0.8641399999999999,-1.5489780023901707
STAGE25A_REJECT,early_ny_range_drop_high20,keep rows satisfying early_ny_range_drop_high20,375,93,0.8013,3.3300263109481856,1.274835176434566,0.5318558044286342,474.56967,80.81967000000004,-181.68032999999986,0.7466666666666667,0.7728600000000001,-1.6047437663141824
STAGE25A_REJECT,prior_day_range_drop_high20,keep rows satisfying prior_day_range_drop_high20,375,93,0.8013,3.139442897282038,1.1906885813243082,0.47971995445141935,451.12877000000003,57.37877000000003,-205.12122999999988,0.7493333333333333,0.7715700000000001,-1.6888903614244402
STAGE25A_REJECT,early_ny_range_drop_high30,keep rows satisfying early_ny_range_drop_high30,327,141,0.6987,3.1659966118925804,1.1728404691942005,0.4642464677459766,388.06422,44.714220000000026,-184.18577999999988,0.7431192660550459,0.6764300000000003,-1.7067384735545479
STAGE25A_REJECT,prior_day_range_middle_30_70,keep rows satisfying prior_day_range_middle_30_70,195,273,0.4167,2.7574843118118824,1.156584259949048,0.5401215795823578,234.03343,29.283430000000006,-107.21656999999993,0.7333333333333333,0.8641399999999999,-1.7229946827997005
STAGE25A_REJECT,asia_range_drop_high20,keep rows satisfying asia_range_drop_high20,375,93,0.8013,3.1455321130863565,1.1374045379415876,0.42029681548590225,433.75636999999995,40.00637000000002,-222.49362999999988,0.752,0.7715700000000001,-1.7421744048071608
STAGE25A_REJECT,asia_range_drop_high30,keep rows satisfying asia_range_drop_high30,330,138,0.7051,3.0751434027757756,1.0668857523077995,0.369169239043508,363.46504,16.965040000000023,-214.0349599999999,0.7484848484848485,0.6764300000000003,-1.812693190440949
STAGE25A_REJECT,london_range_drop_high20,keep rows satisfying london_range_drop_high20,375,93,0.8013,2.7379089241293415,1.001112736471637,0.3742298950582375,394.10837000000004,0.35837000000002206,-262.1416299999999,0.736,0.69529,-1.8784662062771114
STAGE25A_REJECT,prior_day_range_drop_high30,keep rows satisfying prior_day_range_drop_high30,330,138,0.7051,2.719744298706983,0.9910826646737738,0.3823411238814868,343.94174000000004,-2.558259999999968,-233.5582599999999,0.7242424242424242,0.5572900000000001,-1.8884962780749746
STAGE25A_REJECT,london_range_drop_high30,keep rows satisfying london_range_drop_high30,327,141,0.6987,2.6835687343414527,0.9049040460316387,0.2960800735641167,317.39855,-25.95144999999998,-254.85144999999991,0.7308868501529052,0.63314,-1.9746748967171097
