source_stage,family,reason,events,pf_x1,pf_x4,pf_x6,boot_pf_p05_x4,median_x4,total_x4,win_rate_x4,original_pf_x4,original_total_x4,mirror_minus_original_pf_x4,decision
stage26a,htf_bias_pullback_continuation,bias=-1;london_eff=0.97,4,inf,inf,inf,0.0,5.7711,23.0846,1.0,0.0,-34.2846,inf,STAGE26D_REJECT
stage26a,htf_bias_pullback_continuation,bias=1;london_eff=0.99,4,inf,inf,inf,0.0,3.2571,13.0286,1.0,0.0,-24.2286,inf,STAGE26D_REJECT
stage26a,htf_bias_pullback_continuation,bias=-1;london_eff=0.75,8,inf,inf,21.0,0.0,1.5971,12.7771,1.0,0.0,-35.1771,inf,STAGE26D_REJECT
stage26a,htf_bias_pullback_continuation,bias=-1;london_eff=0.86,4,inf,inf,inf,0.0,1.8251,7.3006,1.0,0.0,-18.5006,inf,STAGE26D_REJECT
stage26a,htf_bias_pullback_continuation,bias=-1;london_eff=0.62,2,inf,inf,inf,0.0,3.5731,7.1463,1.0,0.0,-12.7463,inf,STAGE26D_REJECT
stage26a,htf_bias_pullback_continuation,bias=1;london_eff=0.58,6,inf,inf,inf,0.0,0.932,6.4194,1.0,0.0,-23.2194,inf,STAGE26D_REJECT
stage26a,htf_bias_pullback_continuation,bias=-1;london_eff=0.81,4,inf,inf,inf,0.0,1.5069,6.0274,1.0,0.0,-17.2274,inf,STAGE26D_REJECT
stage26a,htf_bias_pullback_continuation,bias=-1;london_eff=0.64,2,inf,inf,inf,0.0,2.4291,4.8583,1.0,0.0,-10.4583,inf,STAGE26D_REJECT
stage26a,htf_bias_pullback_continuation,bias=1;london_eff=0.96,8,inf,inf,0.4065,0.0,0.5911,4.7291,1.0,0.0,-27.1291,inf,STAGE26D_REJECT
stage26a,htf_bias_pullback_continuation,bias=1;london_eff=0.59,4,inf,inf,4.9203,0.0,1.1357,4.5429,1.0,0.0,-15.7429,inf,STAGE26D_REJECT
stage26a,htf_bias_pullback_continuation,bias=1;london_eff=0.64,2,inf,inf,0.0,0.0,0.632,1.264,1.0,0.0,-6.864,inf,STAGE26D_REJECT
stage26a,htf_bias_pullback_continuation,bias=-1;london_eff=0.74,12,inf,9.603,1.7183,3.7368,0.5789,11.7394,0.6667,0.0,-45.3394,9.603,STAGE26D_REJECT
stage26a,htf_bias_pullback_continuation,bias=1;london_eff=0.78,20,5.9441,3.2339,2.1216,1.4392,1.5114,34.4251,0.8,0.0445,-90.4251,3.1894,STAGE26D_REJECT
stage26a,htf_bias_pullback_continuation,bias=-1;london_eff=0.57,8,7.7487,2.5305,1.1488,0.0,1.2251,6.6206,0.75,0.0,-29.0206,2.5305,STAGE26D_REJECT
stage26a,htf_bias_pullback_continuation,bias=-1;london_eff=0.67,4,3.3967,2.1991,1.7074,0.0,2.3111,9.2446,0.5,0.0935,-20.4446,2.1056,STAGE26D_REJECT
stage26a,htf_bias_pullback_continuation,bias=-1;london_eff=0.69,4,3.0706,1.5944,1.0893,0.0,0.8606,3.4423,0.5,0.0129,-14.6423,1.5815,STAGE26D_REJECT
stage26a,htf_bias_pullback_continuation,bias=1;london_eff=0.63,6,3.0307,1.3989,0.7946,0.0,2.1109,2.5829,0.6667,0.0432,-19.3829,1.3557,STAGE26D_REJECT
stage26a,htf_bias_pullback_continuation,bias=1;london_eff=0.65,4,1.9188,1.0885,0.7556,0.0,0.1634,0.6537,0.5,0.1307,-11.8537,0.9578,STAGE26D_REJECT
stage26a,htf_bias_pullback_continuation,bias=1;london_eff=0.83,20,2.3367,0.9887,0.5164,0.427,0.776,-0.2697,0.6,0.0264,-55.7303,0.9623,STAGE26D_REJECT
stage26a,htf_bias_pullback_continuation,bias=1;london_eff=0.56,8,2.4144,0.9465,0.5268,0.0,-0.2234,-0.4606,0.25,0.0879,-21.9394,0.8586,STAGE26D_REJECT
stage26a,htf_bias_pullback_continuation,bias=-1;london_eff=0.70,6,1.9161,0.6996,0.2364,0.0,1.1823,-2.0309,0.6667,0.0728,-14.7691,0.6268,STAGE26D_REJECT
stage26a,htf_bias_pullback_continuation,bias=1;london_eff=0.80,8,0.9612,0.6104,0.4389,0.0,-1.1434,-9.1474,0.5,0.481,-13.2526,0.1294,STAGE26D_REJECT
stage26a,htf_bias_pullback_continuation,bias=-1;london_eff=0.92,8,0.8982,0.5588,0.3927,0.0,-1.2954,-10.3634,0.5,0.5052,-12.0366,0.0536,STAGE26D_REJECT
stage26b,htf_bias_pullback_v2,unknown_reason,159,1.09,0.4736,0.2643,0.3362,-0.124,-148.1525,0.478,0.2551,-297.0475,0.2185,STAGE26D_REJECT
stage26a,htf_bias_pullback_continuation,bias=1;london_eff=0.92,8,1.0069,0.4592,0.2345,0.0,-1.0403,-8.3223,0.5,0.2293,-14.0777,0.2299,STAGE26D_REJECT
stage26a,htf_bias_pullback_continuation,bias=1;london_eff=0.69,8,0.9957,0.4422,0.2738,0.0,-1.5826,-8.4457,0.25,0.207,-13.9543,0.2352,STAGE26D_REJECT
stage26b,session_transition_imbalance_v2,unknown_reason,645,0.8591,0.4321,0.2805,0.352,-2.521,-829.932,0.3721,0.3375,-976.068,0.0946,STAGE26D_REJECT
stage26b,asia_breakout_pullback_v2,unknown_reason,1641,0.8663,0.3804,0.2203,0.3296,-0.3995,-2049.0467,0.418,0.3048,-2545.7532,0.0756,STAGE26D_REJECT
stage26a,htf_bias_pullback_continuation,bias=1;london_eff=0.84,20,1.0282,0.3637,0.0922,0.1685,0.6343,-20.336,0.6,0.2114,-35.664,0.1523,STAGE26D_REJECT
stage26c,failed_asia_breakout_reversal_v1,failed_asia_high_break,507,0.8238,0.3588,0.2092,0.2809,-0.4655,-667.9858,0.4004,0.326,-751.6142,0.0328,STAGE26D_REJECT
stage26a,htf_bias_pullback_continuation,bias=1;london_eff=0.73,24,0.7364,0.344,0.1883,0.1406,-1.452,-36.5737,0.5,0.4197,-30.6263,-0.0757,STAGE26D_REJECT
stage26c,failed_asia_breakout_reversal_v1,failed_asia_low_break,451,0.6538,0.3268,0.2117,0.2292,-2.4505,-776.5775,0.3525,0.4844,-486.2225,-0.1576,STAGE26D_REJECT
stage26b,squeeze_release_continuation_v2,unknown_reason,538,0.6882,0.271,0.1447,0.2207,-0.6113,-822.2837,0.3662,0.3546,-684.1163,-0.0836,STAGE26D_REJECT
stage26a,htf_bias_pullback_continuation,bias=-1;london_eff=0.68,4,0.4407,0.2046,0.086,0.0,-2.548,-10.192,0.5,0.8774,-1.008,-0.6728,STAGE26D_REJECT
stage26a,htf_bias_pullback_continuation,bias=1;london_eff=0.66,14,0.6787,0.1763,0.05,0.0429,-0.0446,-20.736,0.4286,0.3097,-18.464,-0.1334,STAGE26D_REJECT
stage26a,htf_bias_pullback_continuation,bias=1;london_eff=0.86,12,0.6714,0.1301,0.0,0.0442,-0.2891,-17.4194,0.3333,0.3215,-16.1806,-0.1914,STAGE26D_REJECT
stage26a,htf_bias_pullback_continuation,bias=1;london_eff=0.79,12,0.2675,0.0941,0.0163,0.0351,-3.8166,-33.6823,0.3333,1.0056,0.0823,-0.9115,STAGE26D_REJECT
stage26a,htf_bias_pullback_continuation,bias=1;london_eff=0.76,24,0.3091,0.0925,0.0307,0.0281,-3.1489,-56.9463,0.3333,0.6365,-10.2537,-0.544,STAGE26D_REJECT
stage26a,htf_bias_pullback_continuation,bias=1;london_eff=0.60,8,0.3097,0.089,0.0103,0.0,-2.872,-16.72,0.25,0.2859,-5.68,-0.1969,STAGE26D_REJECT
stage26a,htf_bias_pullback_continuation,bias=-1;london_eff=0.72,20,0.1847,0.0878,0.0441,0.0191,-3.3703,-68.7771,0.2,1.6389,12.7771,-1.5511,STAGE26D_REJECT
stage26a,htf_bias_pullback_continuation,bias=1;london_eff=0.88,12,0.2446,0.0817,0.0076,0.028,-3.4674,-35.2526,0.3333,1.1153,1.6526,-1.0336,STAGE26D_REJECT
stage26a,htf_bias_pullback_continuation,bias=-1;london_eff=0.78,8,0.1851,0.0815,0.0219,0.0,-5.5134,-44.1074,0.5,2.4363,21.7074,-2.3548,STAGE26D_REJECT
stage26a,htf_bias_pullback_continuation,bias=1;london_eff=0.75,12,0.2064,0.0782,0.0158,0.0269,-3.4103,-42.6537,0.3333,1.611,9.0537,-1.5328,STAGE26D_REJECT
stage26a,htf_bias_pullback_continuation,bias=1;london_eff=0.77,24,0.2066,0.0732,0.0287,0.0274,-3.408,-82.5029,0.3333,1.5292,15.3029,-1.456,STAGE26D_REJECT
stage26a,htf_bias_pullback_continuation,bias=1;london_eff=0.71,12,0.2672,0.0685,0.0,0.0249,-3.3931,-30.2034,0.3333,0.7469,-3.3966,-0.6784,STAGE26D_REJECT
stage26a,htf_bias_pullback_continuation,bias=-1;london_eff=0.56,4,0.3276,0.0622,0.0,0.0,-2.3363,-7.3571,0.25,0.1624,-3.8429,-0.1002,STAGE26D_REJECT
stage26a,htf_bias_pullback_continuation,bias=-1;london_eff=0.61,10,0.2908,0.0561,0.0,0.0055,-3.2794,-24.2651,0.4,0.7046,-3.7349,-0.6485,STAGE26D_REJECT
stage26a,htf_bias_pullback_continuation,bias=1;london_eff=0.74,32,0.2781,0.0548,0.0074,0.0197,-2.351,-74.1983,0.1875,0.6402,-15.4017,-0.5854,STAGE26D_REJECT
stage26a,htf_bias_pullback_continuation,bias=1;london_eff=0.72,12,0.1058,0.0259,0.0,0.0,-2.8686,-40.7029,0.1667,1.688,7.1029,-1.6621,STAGE26D_REJECT
stage26a,htf_bias_pullback_continuation,bias=-1;london_eff=0.60,8,0.0787,0.0157,0.0,0.0,-2.4177,-33.2394,0.125,2.3323,10.8394,-2.3166,STAGE26D_REJECT
stage26a,htf_bias_pullback_continuation,bias=1;london_eff=0.70,12,0.0704,0.0008,0.0,0.0,-3.5806,-40.744,0.1667,2.2687,7.144,-2.2679,STAGE26D_REJECT
stage26a,htf_bias_pullback_continuation,bias=-1;london_eff=0.59,2,0.0,0.0,0.0,0.0,-2.3829,-4.7657,0.0,0.0,-0.8343,0.0,STAGE26D_REJECT
stage26a,htf_bias_pullback_continuation,bias=1;london_eff=0.68,2,0.0,0.0,0.0,0.0,-2.6229,-5.2457,0.0,0.0,-0.3543,0.0,STAGE26D_REJECT
stage26a,htf_bias_pullback_continuation,bias=-1;london_eff=0.73,4,0.2909,0.0,0.0,0.0,-1.9643,-7.8571,0.0,0.3314,-3.3429,-0.3314,STAGE26D_REJECT
stage26a,htf_bias_pullback_continuation,bias=1;london_eff=0.87,4,0.0,0.0,0.0,0.0,-2.7364,-10.9457,0.0,0.8633,-0.2543,-0.8633,STAGE26D_REJECT
stage26a,htf_bias_pullback_continuation,bias=1;london_eff=0.95,4,0.0,0.0,0.0,0.0,-2.768,-11.072,0.0,0.0,-0.128,0.0,STAGE26D_REJECT
stage26a,htf_bias_pullback_continuation,bias=-1;london_eff=0.66,4,0.0,0.0,0.0,0.0,-2.7883,-11.1531,0.0,0.8794,-0.0469,-0.8794,STAGE26D_REJECT
stage26a,htf_bias_pullback_continuation,bias=1;london_eff=0.67,4,0.0,0.0,0.0,0.0,-2.8157,-11.2629,0.0,1.1757,0.0629,-1.1757,STAGE26D_REJECT
stage26a,htf_bias_pullback_continuation,bias=1;london_eff=0.85,4,0.0,0.0,0.0,0.0,-2.816,-11.264,0.0,inf,0.064,-inf,STAGE26D_REJECT
stage26a,htf_bias_pullback_continuation,bias=-1;london_eff=0.89,4,0.0,0.0,0.0,0.0,-2.8303,-11.3211,0.0,inf,0.1211,-inf,STAGE26D_REJECT
stage26a,htf_bias_pullback_continuation,bias=-1;london_eff=0.83,4,0.0,0.0,0.0,0.0,-2.9491,-11.7966,0.0,inf,0.5966,-inf,STAGE26D_REJECT
stage26a,htf_bias_pullback_continuation,bias=-1;london_eff=0.95,4,0.0,0.0,0.0,0.0,-3.0726,-12.2903,0.0,inf,1.0903,-inf,STAGE26D_REJECT
stage26a,htf_bias_pullback_continuation,bias=1;london_eff=0.90,4,0.0,0.0,0.0,0.0,-3.084,-12.336,0.0,inf,1.136,-inf,STAGE26D_REJECT
stage26a,htf_bias_pullback_continuation,bias=-1;london_eff=0.87,4,0.0,0.0,0.0,0.0,-3.588,-14.352,0.0,inf,3.152,-inf,STAGE26D_REJECT
stage26a,htf_bias_pullback_continuation,bias=-1;london_eff=0.76,4,0.0,0.0,0.0,0.0,-3.6994,-14.7977,0.0,inf,3.5977,-inf,STAGE26D_REJECT
stage26a,htf_bias_pullback_continuation,bias=1;london_eff=0.62,4,0.0,0.0,0.0,0.0,-3.7186,-14.8743,0.0,inf,3.6743,-inf,STAGE26D_REJECT
stage26a,htf_bias_pullback_continuation,bias=-1;london_eff=0.77,4,0.0,0.0,0.0,0.0,-3.8343,-15.3371,0.0,inf,4.1371,-inf,STAGE26D_REJECT
stage26a,htf_bias_pullback_continuation,bias=-1;london_eff=0.65,6,0.0,0.0,0.0,0.0,-4.3057,-23.264,0.0,333.7059,6.464,-333.7059,STAGE26D_REJECT
stage26a,htf_bias_pullback_continuation,bias=-1;london_eff=0.80,8,0.0,0.0,0.0,0.0,-3.5157,-28.1257,0.0,inf,5.7257,-inf,STAGE26D_REJECT
stage26a,htf_bias_pullback_continuation,bias=1;london_eff=0.82,8,0.0,0.0,0.0,0.0,-4.062,-32.496,0.0,inf,10.096,-inf,STAGE26D_REJECT
stage26a,htf_bias_pullback_continuation,bias=-1;london_eff=0.71,4,0.0,0.0,0.0,0.0,-8.9686,-35.8743,0.0,inf,24.6743,-inf,STAGE26D_REJECT
stage26a,htf_bias_pullback_continuation,bias=1;london_eff=0.57,6,0.0,0.0,0.0,0.0,-5.1589,-37.2891,0.0,inf,20.4891,-inf,STAGE26D_REJECT
stage26a,htf_bias_pullback_continuation,bias=1;london_eff=0.81,4,0.0,0.0,0.0,0.0,-9.4377,-37.7509,0.0,inf,26.5509,-inf,STAGE26D_REJECT
stage26a,htf_bias_pullback_continuation,bias=-1;london_eff=0.99,4,0.0,0.0,0.0,0.0,-9.4943,-37.9771,0.0,inf,26.7771,-inf,STAGE26D_REJECT
stage26a,htf_bias_pullback_continuation,bias=-1;london_eff=0.84,4,0.0,0.0,0.0,0.0,-10.6509,-42.6034,0.0,inf,31.4034,-inf,STAGE26D_REJECT
stage26a,htf_bias_pullback_continuation,bias=-1;london_eff=0.58,4,0.0,0.0,0.0,0.0,-11.1566,-44.6263,0.0,inf,33.4263,-inf,STAGE26D_REJECT
stage26a,htf_bias_pullback_continuation,bias=-1;london_eff=0.82,12,0.0654,0.0,0.0,0.0,-3.3331,-46.0823,0.0,2.3362,12.4823,-2.3362,STAGE26D_REJECT
stage26a,htf_bias_pullback_continuation,bias=1;london_eff=0.89,12,0.0,0.0,0.0,0.0,-3.436,-65.0743,0.0,64.75,31.4743,-64.75,STAGE26D_REJECT
stage26a,htf_bias_pullback_continuation,bias=-1;london_eff=0.79,8,0.0,0.0,0.0,0.0,-9.6034,-76.8274,0.0,21.1626,54.4274,-21.1626,STAGE26D_REJECT
stage26a,htf_bias_pullback_continuation,bias=-1;london_eff=0.91,8,0.0,0.0,0.0,0.0,-15.81,-126.48,0.0,inf,104.08,-inf,STAGE26D_REJECT
