key,label,required_for,acceptable_paths,required_columns_any,notes
dxy,US Dollar Index / DXY proxy,macro_context,data/external/dxy.csv | data/external/DXY.csv | data/external/us_dollar_index.csv | data/external/dxy_daily.csv,timestamp+close OR date+close OR time+close,At least daily DXY proxy aligned to UTC; preferably open/high/low/close if available.
us10y_yield,US 10-year Treasury yield,macro_context,data/external/us10y_yield.csv | data/external/us10y.csv | data/external/US10Y.csv | data/external/treasury_10y.csv,timestamp+close OR date+close OR date+yield OR timestamp+yield,Gold is materially sensitive to nominal and real yields; daily is acceptable for first context gate.
us02y_yield,US 2-year Treasury yield,macro_context_optional,data/external/us02y_yield.csv | data/external/us2y.csv | data/external/US02Y.csv | data/external/treasury_2y.csv,timestamp+close OR date+close OR date+yield OR timestamp+yield,Useful for rate-expectation regime and curve context; optional for first external-context pass.
real_yield,US real yield / TIPS proxy,macro_context_optional,data/external/real_yield.csv | data/external/us10y_real_yield.csv | data/external/tips_10y.csv,timestamp+close OR date+close OR date+yield OR timestamp+yield,"Strong gold context variable, but can be added after DXY + nominal yields."
cme_gc_reference,CME GC/MGC futures reference feed,reference_feed,data/external/cme_gc.csv | data/external/gc_futures.csv | data/external/GC.csv | data/external/mgc_futures.csv | data/reference/cme_gc.csv,timestamp+open+high+low+close OR date+open+high+low+close,Needed to decide whether MT5 CFD feed behavior is broker-specific or market-wide.
news_calendar,High-impact macro news calendar,news_blackout_context,data/external/news_calendar.csv | data/external/high_impact_news.csv | data/external/macro_calendar.csv | data/calendar/news_calendar.csv,timestamp+event OR datetime+event OR date+event OR timestamp+name,Must support FOMC/CPI/NFP/US jobs/inflation/rate events and UTC timestamps for blackout tagging.
fomc_calendar,FOMC/rate decision calendar,news_blackout_optional,data/external/fomc_calendar.csv | data/calendar/fomc_calendar.csv,timestamp+event OR datetime+event OR date+event,Optional if covered by a unified high-impact news calendar.
cpi_calendar,US CPI calendar,news_blackout_optional,data/external/cpi_calendar.csv | data/calendar/cpi_calendar.csv,timestamp+event OR datetime+event OR date+event,Optional if covered by a unified high-impact news calendar.
nfp_calendar,US employment/NFP calendar,news_blackout_optional,data/external/nfp_calendar.csv | data/calendar/nfp_calendar.csv,timestamp+event OR datetime+event OR date+event,Optional if covered by a unified high-impact news calendar.
