stage,decision_scope,promotion,spec_id,spec_label,source_stage39d_classification,candidate,spec_type,dimension,bucket,dimension_a,bucket_a,dimension_b,bucket_b,segment,n,mean_final_bps,median_final_bps,cost_mean_bps,hit_rate_pct,median_mae_bps,mean_mae_bps,median_mfe_bps,mean_mfe_bps,touch_stop_50bps_pct,touch_stop_100bps_pct,touch_stop_150bps_pct,touch_target_50bps_pct,touch_target_100bps_pct,touch_target_150bps_pct,mean_after_cost_plus_slip_0bps,mean_after_cost_plus_slip_4bps,mean_after_cost_plus_slip_8bps,mean_after_cost_plus_slip_12bps,mean_after_cost_plus_slip_16bps
Stage39E_FROZEN_RULE_OUT_OF_SAMPLE_AUDIT,RESEARCH_STAGE_ONLY_NO_PROMOTION,NO_GO,1,RANGE_BOTTOM_REV_LONG_W48_Q0.05 :: trigger_severity_bucket=SEVERITY_MID,FORWARD_ROBUSTNESS_WATCH_ONLY_NO_PROMOTION,RANGE_BOTTOM_REV_LONG_W48_Q0.05,single_condition,trigger_severity_bucket,SEVERITY_MID,,NA,,NA,train,34,31.47228142115945,27.831931788376842,23.472281421159458,58.82352941176471,-63.444002490390396,-87.27473913578858,98.64237600551108,118.5855991578376,58.82352941176471,38.23529411764706,14.705882352941178,76.47058823529412,50.0,32.35294117647059,23.472281421159458,19.472281421159458,15.472281421159458,11.472281421159458,7.472281421159458
Stage39E_FROZEN_RULE_OUT_OF_SAMPLE_AUDIT,RESEARCH_STAGE_ONLY_NO_PROMOTION,NO_GO,1,RANGE_BOTTOM_REV_LONG_W48_Q0.05 :: trigger_severity_bucket=SEVERITY_MID,FORWARD_ROBUSTNESS_WATCH_ONLY_NO_PROMOTION,RANGE_BOTTOM_REV_LONG_W48_Q0.05,single_condition,trigger_severity_bucket,SEVERITY_MID,,NA,,NA,oos,18,86.45227373038351,74.84761503876891,78.4522737303835,66.66666666666666,-146.14357740292016,-140.57436559810074,154.63469867775137,196.07055612107393,72.22222222222221,55.55555555555556,44.44444444444444,88.88888888888889,83.33333333333334,55.55555555555556,78.4522737303835,74.4522737303835,70.4522737303835,66.4522737303835,62.452273730383496
Stage39E_FROZEN_RULE_OUT_OF_SAMPLE_AUDIT,RESEARCH_STAGE_ONLY_NO_PROMOTION,NO_GO,1,RANGE_BOTTOM_REV_LONG_W48_Q0.05 :: trigger_severity_bucket=SEVERITY_MID,FORWARD_ROBUSTNESS_WATCH_ONLY_NO_PROMOTION,RANGE_BOTTOM_REV_LONG_W48_Q0.05,single_condition,trigger_severity_bucket,SEVERITY_MID,,NA,,NA,first_half,26,27.562406085498374,31.403718427981396,19.562406085498385,61.53846153846154,-74.06457517217468,-92.87467316158406,94.86916319809134,113.74976640720453,65.38461538461539,38.46153846153847,15.384615384615385,73.07692307692307,46.15384615384615,30.76923076923077,19.562406085498385,15.562406085498385,11.562406085498385,7.5624060854983846,3.5624060854983846
Stage39E_FROZEN_RULE_OUT_OF_SAMPLE_AUDIT,RESEARCH_STAGE_ONLY_NO_PROMOTION,NO_GO,1,RANGE_BOTTOM_REV_LONG_W48_Q0.05 :: trigger_severity_bucket=SEVERITY_MID,FORWARD_ROBUSTNESS_WATCH_ONLY_NO_PROMOTION,RANGE_BOTTOM_REV_LONG_W48_Q0.05,single_condition,trigger_severity_bucket,SEVERITY_MID,,NA,,NA,second_half,26,73.4452283555141,46.23610310145132,65.4452283555141,61.53846153846154,-88.7528745413213,-118.57454650697845,150.31866999412279,177.06486365224967,61.53846153846154,50.0,34.61538461538461,88.46153846153845,76.92307692307693,50.0,65.4452283555141,61.445228355514104,57.445228355514104,53.445228355514104,49.445228355514104
Stage39E_FROZEN_RULE_OUT_OF_SAMPLE_AUDIT,RESEARCH_STAGE_ONLY_NO_PROMOTION,NO_GO,1,RANGE_BOTTOM_REV_LONG_W48_Q0.05 :: trigger_severity_bucket=SEVERITY_MID,FORWARD_ROBUSTNESS_WATCH_ONLY_NO_PROMOTION,RANGE_BOTTOM_REV_LONG_W48_Q0.05,single_condition,trigger_severity_bucket,SEVERITY_MID,,NA,,NA,q1,13,36.00330807088863,28.49853118453316,28.003308070888632,61.53846153846154,-86.16867570429343,-96.69894099405178,93.96832979572388,128.1232349611114,61.53846153846154,38.46153846153847,23.076923076923077,76.92307692307693,46.15384615384615,30.76923076923077,28.003308070888632,24.003308070888632,20.003308070888632,16.003308070888632,12.003308070888632
Stage39E_FROZEN_RULE_OUT_OF_SAMPLE_AUDIT,RESEARCH_STAGE_ONLY_NO_PROMOTION,NO_GO,1,RANGE_BOTTOM_REV_LONG_W48_Q0.05 :: trigger_severity_bucket=SEVERITY_MID,FORWARD_ROBUSTNESS_WATCH_ONLY_NO_PROMOTION,RANGE_BOTTOM_REV_LONG_W48_Q0.05,single_condition,trigger_severity_bucket,SEVERITY_MID,,NA,,NA,q2,13,19.121504100108126,34.308905671429635,11.12150410010813,61.53846153846154,-72.27349014429562,-89.05040532911633,95.76999660045882,99.37629785329766,69.23076923076923,38.46153846153847,7.6923076923076925,69.23076923076923,46.15384615384615,30.76923076923077,11.12150410010813,7.12150410010813,3.1215041001081296,-0.8784958998918704,-4.87849589989187
Stage39E_FROZEN_RULE_OUT_OF_SAMPLE_AUDIT,RESEARCH_STAGE_ONLY_NO_PROMOTION,NO_GO,1,RANGE_BOTTOM_REV_LONG_W48_Q0.05 :: trigger_severity_bucket=SEVERITY_MID,FORWARD_ROBUSTNESS_WATCH_ONLY_NO_PROMOTION,RANGE_BOTTOM_REV_LONG_W48_Q0.05,single_condition,trigger_severity_bucket,SEVERITY_MID,,NA,,NA,q3,13,67.19762706558804,84.38835626685571,59.19762706558804,61.53846153846154,-18.41596685992597,-63.29505712201888,128.92748496100114,151.6529354487645,38.46153846153847,30.76923076923077,15.384615384615385,92.3076923076923,69.23076923076923,38.46153846153847,59.19762706558804,55.19762706558804,51.19762706558804,47.19762706558804,43.19762706558804
Stage39E_FROZEN_RULE_OUT_OF_SAMPLE_AUDIT,RESEARCH_STAGE_ONLY_NO_PROMOTION,NO_GO,1,RANGE_BOTTOM_REV_LONG_W48_Q0.05 :: trigger_severity_bucket=SEVERITY_MID,FORWARD_ROBUSTNESS_WATCH_ONLY_NO_PROMOTION,RANGE_BOTTOM_REV_LONG_W48_Q0.05,single_condition,trigger_severity_bucket,SEVERITY_MID,,NA,,NA,q4,13,79.69282964544013,21.064457239150517,71.69282964544014,61.53846153846154,-177.64708009183616,-173.854035891938,154.7783328412078,202.4767918557348,84.61538461538461,69.23076923076923,53.84615384615385,84.61538461538461,84.61538461538461,61.53846153846154,71.69282964544014,67.69282964544014,63.69282964544014,59.69282964544014,55.69282964544014
Stage39E_FROZEN_RULE_OUT_OF_SAMPLE_AUDIT,RESEARCH_STAGE_ONLY_NO_PROMOTION,NO_GO,1,RANGE_BOTTOM_REV_LONG_W48_Q0.05 :: trigger_severity_bucket=SEVERITY_MID,FORWARD_ROBUSTNESS_WATCH_ONLY_NO_PROMOTION,RANGE_BOTTOM_REV_LONG_W48_Q0.05,single_condition,trigger_severity_bucket,SEVERITY_MID,,NA,,NA,recent_third,18,86.45227373038351,74.84761503876891,78.4522737303835,66.66666666666666,-146.14357740292016,-140.57436559810074,154.63469867775137,196.07055612107393,72.22222222222221,55.55555555555556,44.44444444444444,88.88888888888889,83.33333333333334,55.55555555555556,78.4522737303835,74.4522737303835,70.4522737303835,66.4522737303835,62.452273730383496
Stage39E_FROZEN_RULE_OUT_OF_SAMPLE_AUDIT,RESEARCH_STAGE_ONLY_NO_PROMOTION,NO_GO,2,RANGE_BOTTOM_REV_LONG_W48_Q0.05 :: prior_ret72_regime=DOWN_MODERATE_-200_-75BPS,FORWARD_ROBUSTNESS_WATCH_ONLY_NO_PROMOTION,RANGE_BOTTOM_REV_LONG_W48_Q0.05,single_condition,prior_ret72_regime,DOWN_MODERATE_-200_-75BPS,,NA,,NA,train,33,32.23368512911014,28.49853118453316,24.233685129110142,57.57575757575758,-89.62992037077733,-99.35024618429293,104.12435642694896,125.21781632903121,75.75757575757575,39.39393939393939,21.21212121212121,78.78787878787878,51.515151515151516,27.27272727272727,24.233685129110142,20.233685129110142,16.233685129110142,12.233685129110142,8.233685129110142
Stage39E_FROZEN_RULE_OUT_OF_SAMPLE_AUDIT,RESEARCH_STAGE_ONLY_NO_PROMOTION,NO_GO,2,RANGE_BOTTOM_REV_LONG_W48_Q0.05 :: prior_ret72_regime=DOWN_MODERATE_-200_-75BPS,FORWARD_ROBUSTNESS_WATCH_ONLY_NO_PROMOTION,RANGE_BOTTOM_REV_LONG_W48_Q0.05,single_condition,prior_ret72_regime,DOWN_MODERATE_-200_-75BPS,,NA,,NA,oos,17,84.7036431161629,38.08806294994138,76.7036431161629,82.35294117647058,-84.0532964712215,-132.00241190486656,130.16531416926824,175.81921397247172,76.47058823529412,41.17647058823529,29.411764705882355,88.23529411764706,82.35294117647058,35.294117647058826,76.7036431161629,72.7036431161629,68.7036431161629,64.7036431161629,60.703643116162894
Stage39E_FROZEN_RULE_OUT_OF_SAMPLE_AUDIT,RESEARCH_STAGE_ONLY_NO_PROMOTION,NO_GO,2,RANGE_BOTTOM_REV_LONG_W48_Q0.05 :: prior_ret72_regime=DOWN_MODERATE_-200_-75BPS,FORWARD_ROBUSTNESS_WATCH_ONLY_NO_PROMOTION,RANGE_BOTTOM_REV_LONG_W48_Q0.05,single_condition,prior_ret72_regime,DOWN_MODERATE_-200_-75BPS,,NA,,NA,first_half,25,22.988639011645958,9.9766525759315,14.988639011645962,52.0,-91.1998169466044,-103.52272622003387,80.93207230299937,118.98487700833014,80.0,44.0,20.0,80.0,48.0,24.0,14.988639011645962,10.988639011645962,6.988639011645962,2.9886390116459616,-1.0113609883540384
Stage39E_FROZEN_RULE_OUT_OF_SAMPLE_AUDIT,RESEARCH_STAGE_ONLY_NO_PROMOTION,NO_GO,2,RANGE_BOTTOM_REV_LONG_W48_Q0.05 :: prior_ret72_regime=DOWN_MODERATE_-200_-75BPS,FORWARD_ROBUSTNESS_WATCH_ONLY_NO_PROMOTION,RANGE_BOTTOM_REV_LONG_W48_Q0.05,single_condition,prior_ret72_regime,DOWN_MODERATE_-200_-75BPS,,NA,,NA,second_half,25,77.1583026777702,38.08806294994138,69.15830267777021,80.0,-82.78362030812004,-117.38123883854205,129.6164998874949,165.8597060472718,72.0,36.0,28.000000000000004,84.0,76.0,36.0,69.15830267777021,65.15830267777021,61.15830267777021,57.15830267777021,53.15830267777021
Stage39E_FROZEN_RULE_OUT_OF_SAMPLE_AUDIT,RESEARCH_STAGE_ONLY_NO_PROMOTION,NO_GO,2,RANGE_BOTTOM_REV_LONG_W48_Q0.05 :: prior_ret72_regime=DOWN_MODERATE_-200_-75BPS,FORWARD_ROBUSTNESS_WATCH_ONLY_NO_PROMOTION,RANGE_BOTTOM_REV_LONG_W48_Q0.05,single_condition,prior_ret72_regime,DOWN_MODERATE_-200_-75BPS,,NA,,NA,q1,12,-14.42542334293038,-2.9152782373326183,-22.425423342930372,50.0,-121.11363380062578,-139.18080620243217,70.2134932237175,92.50211217135688,100.0,75.0,33.33333333333333,83.33333333333334,41.66666666666667,16.666666666666664,-22.425423342930372,-26.425423342930372,-30.425423342930372,-34.42542334293037,-38.42542334293037
Stage39E_FROZEN_RULE_OUT_OF_SAMPLE_AUDIT,RESEARCH_STAGE_ONLY_NO_PROMOTION,NO_GO,2,RANGE_BOTTOM_REV_LONG_W48_Q0.05 :: prior_ret72_regime=DOWN_MODERATE_-200_-75BPS,FORWARD_ROBUSTNESS_WATCH_ONLY_NO_PROMOTION,RANGE_BOTTOM_REV_LONG_W48_Q0.05,single_condition,prior_ret72_regime,DOWN_MODERATE_-200_-75BPS,,NA,,NA,q2,13,57.52469656971644,9.9766525759315,49.52469656971644,53.84615384615385,-73.10010174532367,-70.60757546705082,120.250913607991,143.43050608861319,61.53846153846154,15.384615384615385,7.6923076923076925,76.92307692307693,53.84615384615385,30.76923076923077,49.52469656971644,45.52469656971644,41.52469656971644,37.52469656971644,33.52469656971644
Stage39E_FROZEN_RULE_OUT_OF_SAMPLE_AUDIT,RESEARCH_STAGE_ONLY_NO_PROMOTION,NO_GO,2,RANGE_BOTTOM_REV_LONG_W48_Q0.05 :: prior_ret72_regime=DOWN_MODERATE_-200_-75BPS,FORWARD_ROBUSTNESS_WATCH_ONLY_NO_PROMOTION,RANGE_BOTTOM_REV_LONG_W48_Q0.05,single_condition,prior_ret72_regime,DOWN_MODERATE_-200_-75BPS,,NA,,NA,q3,12,73.30112761263247,45.570741469422856,65.30112761263247,83.33333333333334,-72.7867335702226,-78.22799123967755,121.76016103259025,145.77395652100034,66.66666666666666,16.666666666666664,16.666666666666664,83.33333333333334,75.0,33.33333333333333,65.30112761263247,61.30112761263247,57.30112761263247,53.30112761263247,49.30112761263247
Stage39E_FROZEN_RULE_OUT_OF_SAMPLE_AUDIT,RESEARCH_STAGE_ONLY_NO_PROMOTION,NO_GO,2,RANGE_BOTTOM_REV_LONG_W48_Q0.05 :: prior_ret72_regime=DOWN_MODERATE_-200_-75BPS,FORWARD_ROBUSTNESS_WATCH_ONLY_NO_PROMOTION,RANGE_BOTTOM_REV_LONG_W48_Q0.05,single_condition,prior_ret72_regime,DOWN_MODERATE_-200_-75BPS,,NA,,NA,q4,13,80.71877196866654,33.7520856241591,72.71877196866654,76.92307692307693,-112.9315066166825,-153.52269816057085,130.16531416926824,184.40039791767614,76.92307692307693,53.84615384615385,38.46153846153847,84.61538461538461,76.92307692307693,38.46153846153847,72.71877196866654,68.71877196866654,64.71877196866654,60.718771968666545,56.718771968666545
Stage39E_FROZEN_RULE_OUT_OF_SAMPLE_AUDIT,RESEARCH_STAGE_ONLY_NO_PROMOTION,NO_GO,2,RANGE_BOTTOM_REV_LONG_W48_Q0.05 :: prior_ret72_regime=DOWN_MODERATE_-200_-75BPS,FORWARD_ROBUSTNESS_WATCH_ONLY_NO_PROMOTION,RANGE_BOTTOM_REV_LONG_W48_Q0.05,single_condition,prior_ret72_regime,DOWN_MODERATE_-200_-75BPS,,NA,,NA,recent_third,17,84.7036431161629,38.08806294994138,76.7036431161629,82.35294117647058,-84.0532964712215,-132.00241190486656,130.16531416926824,175.81921397247172,76.47058823529412,41.17647058823529,29.411764705882355,88.23529411764706,82.35294117647058,35.294117647058826,76.7036431161629,72.7036431161629,68.7036431161629,64.7036431161629,60.703643116162894
Stage39E_FROZEN_RULE_OUT_OF_SAMPLE_AUDIT,RESEARCH_STAGE_ONLY_NO_PROMOTION,NO_GO,3,RANGE_BOTTOM_REV_LONG_W48_Q0.05 :: spread_regime=NA,FORWARD_ROBUSTNESS_WATCH_ONLY_NO_PROMOTION,RANGE_BOTTOM_REV_LONG_W48_Q0.05,single_condition,spread_regime,NA,,NA,,NA,train,104,22.38157613686137,27.831931788376842,14.381576136861367,56.730769230769226,-81.40424120059886,-97.69263524299956,96.30385064549719,119.53543357435635,69.23076923076923,38.46153846153847,22.115384615384613,75.0,48.07692307692308,29.807692307692307,14.381576136861367,10.381576136861367,6.3815761368613675,2.3815761368613675,-1.6184238631386325
Stage39E_FROZEN_RULE_OUT_OF_SAMPLE_AUDIT,RESEARCH_STAGE_ONLY_NO_PROMOTION,NO_GO,3,RANGE_BOTTOM_REV_LONG_W48_Q0.05 :: spread_regime=NA,FORWARD_ROBUSTNESS_WATCH_ONLY_NO_PROMOTION,RANGE_BOTTOM_REV_LONG_W48_Q0.05,single_condition,spread_regime,NA,,NA,,NA,oos,52,82.19615418870657,91.43910055301353,74.19615418870657,73.07692307692307,-81.7090679867566,-168.417738985428,162.23619195898652,212.66189563489203,71.15384615384616,46.15384615384615,38.46153846153847,80.76923076923077,76.92307692307693,53.84615384615385,74.19615418870657,70.19615418870657,66.19615418870657,62.19615418870657,58.19615418870657
Stage39E_FROZEN_RULE_OUT_OF_SAMPLE_AUDIT,RESEARCH_STAGE_ONLY_NO_PROMOTION,NO_GO,3,RANGE_BOTTOM_REV_LONG_W48_Q0.05 :: spread_regime=NA,FORWARD_ROBUSTNESS_WATCH_ONLY_NO_PROMOTION,RANGE_BOTTOM_REV_LONG_W48_Q0.05,single_condition,spread_regime,NA,,NA,,NA,first_half,78,19.444450356028696,19.459699889383675,11.444450356028696,56.41025641025641,-83.09676889868555,-96.66305620130092,92.50907885179238,117.29123594655334,73.07692307692307,38.46153846153847,20.51282051282051,75.64102564102564,44.871794871794876,30.76923076923077,11.444450356028696,7.444450356028696,3.444450356028696,-0.5555496439713039,-4.555549643971304
Stage39E_FROZEN_RULE_OUT_OF_SAMPLE_AUDIT,RESEARCH_STAGE_ONLY_NO_PROMOTION,NO_GO,3,RANGE_BOTTOM_REV_LONG_W48_Q0.05 :: spread_regime=NA,FORWARD_ROBUSTNESS_WATCH_ONLY_NO_PROMOTION,RANGE_BOTTOM_REV_LONG_W48_Q0.05,single_condition,spread_regime,NA,,NA,,NA,second_half,78,65.19508728559084,66.39396245268881,57.19508728559083,67.94871794871796,-81.07422990520585,-145.87228344631714,130.981081169802,183.8639392425165,66.66666666666666,43.58974358974359,34.61538461538461,78.2051282051282,70.51282051282051,44.871794871794876,57.19508728559083,53.19508728559083,49.19508728559083,45.19508728559083,41.19508728559083
Stage39E_FROZEN_RULE_OUT_OF_SAMPLE_AUDIT,RESEARCH_STAGE_ONLY_NO_PROMOTION,NO_GO,3,RANGE_BOTTOM_REV_LONG_W48_Q0.05 :: spread_regime=NA,FORWARD_ROBUSTNESS_WATCH_ONLY_NO_PROMOTION,RANGE_BOTTOM_REV_LONG_W48_Q0.05,single_condition,spread_regime,NA,,NA,,NA,q1,39,17.53310560137691,14.53715049571036,9.533105601376905,51.28205128205128,-95.2995457780914,-110.74128356270828,98.21113604875364,131.7094551219489,79.48717948717949,46.15384615384615,28.205128205128204,79.48717948717949,48.717948717948715,35.8974358974359,9.533105601376905,5.533105601376905,1.5331056013769047,-2.4668943986230953,-6.466894398623095
Stage39E_FROZEN_RULE_OUT_OF_SAMPLE_AUDIT,RESEARCH_STAGE_ONLY_NO_PROMOTION,NO_GO,3,RANGE_BOTTOM_REV_LONG_W48_Q0.05 :: spread_regime=NA,FORWARD_ROBUSTNESS_WATCH_ONLY_NO_PROMOTION,RANGE_BOTTOM_REV_LONG_W48_Q0.05,single_condition,spread_regime,NA,,NA,,NA,q2,39,21.355795110680482,31.04748807067903,13.355795110680484,61.53846153846154,-72.32939585489095,-82.58482883989359,91.79481400280577,102.87301677115772,66.66666666666666,30.76923076923077,12.82051282051282,71.7948717948718,41.02564102564102,25.64102564102564,13.355795110680484,9.355795110680484,5.355795110680484,1.355795110680484,-2.644204889319516
Stage39E_FROZEN_RULE_OUT_OF_SAMPLE_AUDIT,RESEARCH_STAGE_ONLY_NO_PROMOTION,NO_GO,3,RANGE_BOTTOM_REV_LONG_W48_Q0.05 :: spread_regime=NA,FORWARD_ROBUSTNESS_WATCH_ONLY_NO_PROMOTION,RANGE_BOTTOM_REV_LONG_W48_Q0.05,single_condition,spread_regime,NA,,NA,,NA,q3,39,58.152710372274996,65.07388923209234,50.152710372275,69.23076923076923,-61.47212576792293,-93.06477868784256,118.4516427068627,137.12413031656544,61.53846153846154,33.33333333333333,25.64102564102564,79.48717948717949,64.1025641025641,33.33333333333333,50.152710372275,46.152710372275,42.152710372275,38.152710372275,34.152710372275
Stage39E_FROZEN_RULE_OUT_OF_SAMPLE_AUDIT,RESEARCH_STAGE_ONLY_NO_PROMOTION,NO_GO,3,RANGE_BOTTOM_REV_LONG_W48_Q0.05 :: spread_regime=NA,FORWARD_ROBUSTNESS_WATCH_ONLY_NO_PROMOTION,RANGE_BOTTOM_REV_LONG_W48_Q0.05,single_condition,spread_regime,NA,,NA,,NA,q4,39,72.23746419890666,71.17663592923984,64.23746419890668,66.66666666666666,-112.9315066166825,-198.6797882047917,169.69405107676528,230.60374816846758,71.7948717948718,53.84615384615385,43.58974358974359,76.92307692307693,76.92307692307693,56.41025641025641,64.23746419890668,60.23746419890668,56.23746419890668,52.23746419890668,48.23746419890668
Stage39E_FROZEN_RULE_OUT_OF_SAMPLE_AUDIT,RESEARCH_STAGE_ONLY_NO_PROMOTION,NO_GO,3,RANGE_BOTTOM_REV_LONG_W48_Q0.05 :: spread_regime=NA,FORWARD_ROBUSTNESS_WATCH_ONLY_NO_PROMOTION,RANGE_BOTTOM_REV_LONG_W48_Q0.05,single_condition,spread_regime,NA,,NA,,NA,recent_third,52,82.19615418870657,91.43910055301353,74.19615418870657,73.07692307692307,-81.7090679867566,-168.417738985428,162.23619195898652,212.66189563489203,71.15384615384616,46.15384615384615,38.46153846153847,80.76923076923077,76.92307692307693,53.84615384615385,74.19615418870657,70.19615418870657,66.19615418870657,62.19615418870657,58.19615418870657
Stage39E_FROZEN_RULE_OUT_OF_SAMPLE_AUDIT,RESEARCH_STAGE_ONLY_NO_PROMOTION,NO_GO,4,RANGE_BOTTOM_REV_LONG_W48_Q0.05 :: weekday=Monday,STRICT_CONDITION_ROBUSTNESS_WATCH_ONLY_NO_PROMOTION,RANGE_BOTTOM_REV_LONG_W48_Q0.05,single_condition,weekday,Monday,,NA,,NA,train,25,30.097969024394178,34.57991108023029,22.09796902439419,60.0,-62.78984683232514,-99.97625208823484,114.45443891450856,135.21651716085685,60.0,36.0,32.0,76.0,52.0,32.0,22.09796902439419,18.09796902439419,14.097969024394189,10.097969024394189,6.097969024394189
Stage39E_FROZEN_RULE_OUT_OF_SAMPLE_AUDIT,RESEARCH_STAGE_ONLY_NO_PROMOTION,NO_GO,4,RANGE_BOTTOM_REV_LONG_W48_Q0.05 :: weekday=Monday,STRICT_CONDITION_ROBUSTNESS_WATCH_ONLY_NO_PROMOTION,RANGE_BOTTOM_REV_LONG_W48_Q0.05,single_condition,weekday,Monday,,NA,,NA,oos,13,187.40910066209133,133.53042434099294,179.40910066209133,84.61538461538461,-65.47322741591644,-101.25913582737196,217.32569314973472,285.41136090667226,69.23076923076923,30.76923076923077,23.076923076923077,92.3076923076923,92.3076923076923,61.53846153846154,179.40910066209133,175.40910066209133,171.40910066209133,167.40910066209133,163.40910066209133
Stage39E_FROZEN_RULE_OUT_OF_SAMPLE_AUDIT,RESEARCH_STAGE_ONLY_NO_PROMOTION,NO_GO,4,RANGE_BOTTOM_REV_LONG_W48_Q0.05 :: weekday=Monday,STRICT_CONDITION_ROBUSTNESS_WATCH_ONLY_NO_PROMOTION,RANGE_BOTTOM_REV_LONG_W48_Q0.05,single_condition,weekday,Monday,,NA,,NA,first_half,19,46.65358926832672,34.57991108023029,38.65358926832671,63.1578947368421,-61.50338191913018,-78.75917537927788,115.17199017198942,150.054466579295,52.63157894736842,31.57894736842105,26.31578947368421,84.21052631578947,52.63157894736842,36.84210526315789,38.65358926832671,34.65358926832671,30.653589268326712,26.653589268326712,22.653589268326712
Stage39E_FROZEN_RULE_OUT_OF_SAMPLE_AUDIT,RESEARCH_STAGE_ONLY_NO_PROMOTION,NO_GO,4,RANGE_BOTTOM_REV_LONG_W48_Q0.05 :: weekday=Monday,STRICT_CONDITION_ROBUSTNESS_WATCH_ONLY_NO_PROMOTION,RANGE_BOTTOM_REV_LONG_W48_Q0.05,single_condition,weekday,Monday,,NA,,NA,second_half,19,121.17628095362285,101.99610351964152,113.17628095362285,73.68421052631578,-71.2574837481994,-122.07109135554875,146.14627547395065,223.1434608316608,73.68421052631578,36.84210526315789,31.57894736842105,78.94736842105263,78.94736842105263,47.368421052631575,113.17628095362285,109.17628095362285,105.17628095362285,101.17628095362285,97.17628095362285
Stage39E_FROZEN_RULE_OUT_OF_SAMPLE_AUDIT,RESEARCH_STAGE_ONLY_NO_PROMOTION,NO_GO,4,RANGE_BOTTOM_REV_LONG_W48_Q0.05 :: weekday=Monday,STRICT_CONDITION_ROBUSTNESS_WATCH_ONLY_NO_PROMOTION,RANGE_BOTTOM_REV_LONG_W48_Q0.05,single_condition,weekday,Monday,,NA,,NA,q1,9,2.692655220684562,-60.72157265207934,-5.3073447793154385,44.44444444444444,-113.6033741407172,-110.52158409237023,93.96832979572388,120.32249924771934,66.66666666666666,55.55555555555556,44.44444444444444,77.77777777777779,44.44444444444444,22.22222222222222,-5.3073447793154385,-9.30734477931544,-13.30734477931544,-17.30734477931544,-21.30734477931544
Stage39E_FROZEN_RULE_OUT_OF_SAMPLE_AUDIT,RESEARCH_STAGE_ONLY_NO_PROMOTION,NO_GO,4,RANGE_BOTTOM_REV_LONG_W48_Q0.05 :: weekday=Monday,STRICT_CONDITION_ROBUSTNESS_WATCH_ONLY_NO_PROMOTION,RANGE_BOTTOM_REV_LONG_W48_Q0.05,single_condition,weekday,Monday,,NA,,NA,q2,10,86.21842991120465,55.43790074696076,78.21842991120465,80.0,-41.9487475398378,-50.17300753749476,151.387793267721,176.81323717771315,40.0,10.0,10.0,90.0,60.0,50.0,78.21842991120465,74.21842991120465,70.21842991120465,66.21842991120465,62.21842991120465
Stage39E_FROZEN_RULE_OUT_OF_SAMPLE_AUDIT,RESEARCH_STAGE_ONLY_NO_PROMOTION,NO_GO,4,RANGE_BOTTOM_REV_LONG_W48_Q0.05 :: weekday=Monday,STRICT_CONDITION_ROBUSTNESS_WATCH_ONLY_NO_PROMOTION,RANGE_BOTTOM_REV_LONG_W48_Q0.05,single_condition,weekday,Monday,,NA,,NA,q3,9,45.913376161698594,114.2887640192436,37.913376161698594,66.66666666666666,-65.47322741591644,-122.42614182613534,128.92748496100114,125.39634397339134,66.66666666666666,33.33333333333333,33.33333333333333,66.66666666666666,66.66666666666666,33.33333333333333,37.913376161698594,33.913376161698594,29.913376161698594,25.913376161698594,21.913376161698594
Stage39E_FROZEN_RULE_OUT_OF_SAMPLE_AUDIT,RESEARCH_STAGE_ONLY_NO_PROMOTION,NO_GO,4,RANGE_BOTTOM_REV_LONG_W48_Q0.05 :: weekday=Monday,STRICT_CONDITION_ROBUSTNESS_WATCH_ONLY_NO_PROMOTION,RANGE_BOTTOM_REV_LONG_W48_Q0.05,single_condition,weekday,Monday,,NA,,NA,q4,10,188.9128952663547,83.65148866516182,180.9128952663547,80.0,-75.31116162524555,-121.75154593202087,211.23196191203397,311.1158660041034,80.0,40.0,30.0,90.0,90.0,60.0,180.9128952663547,176.9128952663547,172.9128952663547,168.9128952663547,164.9128952663547
Stage39E_FROZEN_RULE_OUT_OF_SAMPLE_AUDIT,RESEARCH_STAGE_ONLY_NO_PROMOTION,NO_GO,4,RANGE_BOTTOM_REV_LONG_W48_Q0.05 :: weekday=Monday,STRICT_CONDITION_ROBUSTNESS_WATCH_ONLY_NO_PROMOTION,RANGE_BOTTOM_REV_LONG_W48_Q0.05,single_condition,weekday,Monday,,NA,,NA,recent_third,13,187.40910066209133,133.53042434099294,179.40910066209133,84.61538461538461,-65.47322741591644,-101.25913582737196,217.32569314973472,285.41136090667226,69.23076923076923,30.76923076923077,23.076923076923077,92.3076923076923,92.3076923076923,61.53846153846154,179.40910066209133,175.40910066209133,171.40910066209133,167.40910066209133,163.40910066209133
Stage39E_FROZEN_RULE_OUT_OF_SAMPLE_AUDIT,RESEARCH_STAGE_ONLY_NO_PROMOTION,NO_GO,5,RANGE_BOTTOM_REV_LONG_W48_Q0.05 :: session_utc=LONDON_07_12,STRICT_CONDITION_ROBUSTNESS_WATCH_ONLY_NO_PROMOTION,RANGE_BOTTOM_REV_LONG_W48_Q0.05,single_condition,session_utc,LONDON_07_12,,NA,,NA,train,20,48.37964020688062,53.2414012821758,40.37964020688062,65.0,-69.54676596507392,-80.65643494186253,110.5477484035433,137.23981770552118,70.0,25.0,20.0,75.0,50.0,35.0,40.37964020688062,36.37964020688062,32.37964020688062,28.379640206880623,24.379640206880623
Stage39E_FROZEN_RULE_OUT_OF_SAMPLE_AUDIT,RESEARCH_STAGE_ONLY_NO_PROMOTION,NO_GO,5,RANGE_BOTTOM_REV_LONG_W48_Q0.05 :: session_utc=LONDON_07_12,STRICT_CONDITION_ROBUSTNESS_WATCH_ONLY_NO_PROMOTION,RANGE_BOTTOM_REV_LONG_W48_Q0.05,single_condition,session_utc,LONDON_07_12,,NA,,NA,oos,11,106.27264292749669,19.201181986909788,98.27264292749669,54.54545454545454,-147.3151683495144,-172.71471707854963,154.7783328412078,259.1925715614376,72.72727272727273,63.63636363636363,45.45454545454545,72.72727272727273,72.72727272727273,63.63636363636363,98.27264292749669,94.27264292749669,90.27264292749669,86.27264292749669,82.27264292749669
Stage39E_FROZEN_RULE_OUT_OF_SAMPLE_AUDIT,RESEARCH_STAGE_ONLY_NO_PROMOTION,NO_GO,5,RANGE_BOTTOM_REV_LONG_W48_Q0.05 :: session_utc=LONDON_07_12,STRICT_CONDITION_ROBUSTNESS_WATCH_ONLY_NO_PROMOTION,RANGE_BOTTOM_REV_LONG_W48_Q0.05,single_condition,session_utc,LONDON_07_12,,NA,,NA,first_half,15,39.074981757809766,32.32703762154454,31.07498175780977,60.0,-73.26855611178962,-77.39075566650071,98.21113604875364,145.55755589013572,66.66666666666666,20.0,13.333333333333334,73.33333333333333,46.666666666666664,40.0,31.07498175780977,27.07498175780977,23.07498175780977,19.07498175780977,15.07498175780977
Stage39E_FROZEN_RULE_OUT_OF_SAMPLE_AUDIT,RESEARCH_STAGE_ONLY_NO_PROMOTION,NO_GO,5,RANGE_BOTTOM_REV_LONG_W48_Q0.05 :: session_utc=LONDON_07_12,STRICT_CONDITION_ROBUSTNESS_WATCH_ONLY_NO_PROMOTION,RANGE_BOTTOM_REV_LONG_W48_Q0.05,single_condition,session_utc,LONDON_07_12,,NA,,NA,second_half,16,96.90419687330808,65.19038152138722,88.90419687330811,62.5,-125.35605728709487,-147.00807823148662,150.31866999412279,213.28445643338762,75.0,56.25,43.75,75.0,68.75,50.0,88.90419687330811,84.90419687330811,80.90419687330811,76.90419687330811,72.90419687330811
Stage39E_FROZEN_RULE_OUT_OF_SAMPLE_AUDIT,RESEARCH_STAGE_ONLY_NO_PROMOTION,NO_GO,5,RANGE_BOTTOM_REV_LONG_W48_Q0.05 :: session_utc=LONDON_07_12,STRICT_CONDITION_ROBUSTNESS_WATCH_ONLY_NO_PROMOTION,RANGE_BOTTOM_REV_LONG_W48_Q0.05,single_condition,session_utc,LONDON_07_12,,NA,,NA,q1,7,19.935883848454715,-12.361971030216967,11.935883848454713,42.857142857142854,-86.16867570429343,-109.24788370248018,197.55891947366376,171.19108667897072,71.42857142857143,28.57142857142857,28.57142857142857,71.42857142857143,57.14285714285714,57.14285714285714,11.935883848454713,7.935883848454713,3.935883848454713,-0.06411615154528683,-4.064116151545287
Stage39E_FROZEN_RULE_OUT_OF_SAMPLE_AUDIT,RESEARCH_STAGE_ONLY_NO_PROMOTION,NO_GO,5,RANGE_BOTTOM_REV_LONG_W48_Q0.05 :: session_utc=LONDON_07_12,STRICT_CONDITION_ROBUSTNESS_WATCH_ONLY_NO_PROMOTION,RANGE_BOTTOM_REV_LONG_W48_Q0.05,single_condition,session_utc,LONDON_07_12,,NA,,NA,q2,8,55.82169242849544,41.15694811755111,47.82169242849544,75.0,-63.6641788687442,-49.51576863501867,95.68412112244351,123.12821644990507,62.5,12.5,0.0,75.0,37.5,25.0,47.82169242849544,43.82169242849544,39.82169242849544,35.82169242849544,31.82169242849544
Stage39E_FROZEN_RULE_OUT_OF_SAMPLE_AUDIT,RESEARCH_STAGE_ONLY_NO_PROMOTION,NO_GO,5,RANGE_BOTTOM_REV_LONG_W48_Q0.05 :: session_utc=LONDON_07_12,STRICT_CONDITION_ROBUSTNESS_WATCH_ONLY_NO_PROMOTION,RANGE_BOTTOM_REV_LONG_W48_Q0.05,single_condition,session_utc,LONDON_07_12,,NA,,NA,q3,8,4.165910658253658,42.137535609501064,-3.834089341746335,62.5,-163.08970500049645,-161.98450677759394,131.1641918308959,111.4061386855575,87.5,62.5,62.5,75.0,62.5,25.0,-3.834089341746335,-7.834089341746335,-11.834089341746335,-15.834089341746335,-19.834089341746335
Stage39E_FROZEN_RULE_OUT_OF_SAMPLE_AUDIT,RESEARCH_STAGE_ONLY_NO_PROMOTION,NO_GO,5,RANGE_BOTTOM_REV_LONG_W48_Q0.05 :: session_utc=LONDON_07_12,STRICT_CONDITION_ROBUSTNESS_WATCH_ONLY_NO_PROMOTION,RANGE_BOTTOM_REV_LONG_W48_Q0.05,single_condition,session_utc,LONDON_07_12,,NA,,NA,q4,8,189.6424830883625,151.22597286468698,181.6424830883625,62.5,-87.32721498643735,-132.03164968537934,235.60914919800945,315.1627741812177,62.5,50.0,25.0,75.0,75.0,75.0,181.6424830883625,177.6424830883625,173.6424830883625,169.6424830883625,165.6424830883625
Stage39E_FROZEN_RULE_OUT_OF_SAMPLE_AUDIT,RESEARCH_STAGE_ONLY_NO_PROMOTION,NO_GO,5,RANGE_BOTTOM_REV_LONG_W48_Q0.05 :: session_utc=LONDON_07_12,STRICT_CONDITION_ROBUSTNESS_WATCH_ONLY_NO_PROMOTION,RANGE_BOTTOM_REV_LONG_W48_Q0.05,single_condition,session_utc,LONDON_07_12,,NA,,NA,recent_third,11,106.27264292749669,19.201181986909788,98.27264292749669,54.54545454545454,-147.3151683495144,-172.71471707854963,154.7783328412078,259.1925715614376,72.72727272727273,63.63636363636363,45.45454545454545,72.72727272727273,72.72727272727273,63.63636363636363,98.27264292749669,94.27264292749669,90.27264292749669,86.27264292749669,82.27264292749669
Stage39E_FROZEN_RULE_OUT_OF_SAMPLE_AUDIT,RESEARCH_STAGE_ONLY_NO_PROMOTION,NO_GO,6,RANGE_BOTTOM_REV_LONG_W48_Q0.05 :: session_utc=LONDON_07_12 & spread_regime=NA,STRICT_CONDITION_ROBUSTNESS_WATCH_ONLY_NO_PROMOTION,RANGE_BOTTOM_REV_LONG_W48_Q0.05,cross_condition,,NA,session_utc,LONDON_07_12,spread_regime,NA,train,20,48.37964020688062,53.2414012821758,40.37964020688062,65.0,-69.54676596507392,-80.65643494186253,110.5477484035433,137.23981770552118,70.0,25.0,20.0,75.0,50.0,35.0,40.37964020688062,36.37964020688062,32.37964020688062,28.379640206880623,24.379640206880623
Stage39E_FROZEN_RULE_OUT_OF_SAMPLE_AUDIT,RESEARCH_STAGE_ONLY_NO_PROMOTION,NO_GO,6,RANGE_BOTTOM_REV_LONG_W48_Q0.05 :: session_utc=LONDON_07_12 & spread_regime=NA,STRICT_CONDITION_ROBUSTNESS_WATCH_ONLY_NO_PROMOTION,RANGE_BOTTOM_REV_LONG_W48_Q0.05,cross_condition,,NA,session_utc,LONDON_07_12,spread_regime,NA,oos,11,106.27264292749669,19.201181986909788,98.27264292749669,54.54545454545454,-147.3151683495144,-172.71471707854963,154.7783328412078,259.1925715614376,72.72727272727273,63.63636363636363,45.45454545454545,72.72727272727273,72.72727272727273,63.63636363636363,98.27264292749669,94.27264292749669,90.27264292749669,86.27264292749669,82.27264292749669
Stage39E_FROZEN_RULE_OUT_OF_SAMPLE_AUDIT,RESEARCH_STAGE_ONLY_NO_PROMOTION,NO_GO,6,RANGE_BOTTOM_REV_LONG_W48_Q0.05 :: session_utc=LONDON_07_12 & spread_regime=NA,STRICT_CONDITION_ROBUSTNESS_WATCH_ONLY_NO_PROMOTION,RANGE_BOTTOM_REV_LONG_W48_Q0.05,cross_condition,,NA,session_utc,LONDON_07_12,spread_regime,NA,first_half,15,39.074981757809766,32.32703762154454,31.07498175780977,60.0,-73.26855611178962,-77.39075566650071,98.21113604875364,145.55755589013572,66.66666666666666,20.0,13.333333333333334,73.33333333333333,46.666666666666664,40.0,31.07498175780977,27.07498175780977,23.07498175780977,19.07498175780977,15.07498175780977
Stage39E_FROZEN_RULE_OUT_OF_SAMPLE_AUDIT,RESEARCH_STAGE_ONLY_NO_PROMOTION,NO_GO,6,RANGE_BOTTOM_REV_LONG_W48_Q0.05 :: session_utc=LONDON_07_12 & spread_regime=NA,STRICT_CONDITION_ROBUSTNESS_WATCH_ONLY_NO_PROMOTION,RANGE_BOTTOM_REV_LONG_W48_Q0.05,cross_condition,,NA,session_utc,LONDON_07_12,spread_regime,NA,second_half,16,96.90419687330808,65.19038152138722,88.90419687330811,62.5,-125.35605728709487,-147.00807823148662,150.31866999412279,213.28445643338762,75.0,56.25,43.75,75.0,68.75,50.0,88.90419687330811,84.90419687330811,80.90419687330811,76.90419687330811,72.90419687330811
Stage39E_FROZEN_RULE_OUT_OF_SAMPLE_AUDIT,RESEARCH_STAGE_ONLY_NO_PROMOTION,NO_GO,6,RANGE_BOTTOM_REV_LONG_W48_Q0.05 :: session_utc=LONDON_07_12 & spread_regime=NA,STRICT_CONDITION_ROBUSTNESS_WATCH_ONLY_NO_PROMOTION,RANGE_BOTTOM_REV_LONG_W48_Q0.05,cross_condition,,NA,session_utc,LONDON_07_12,spread_regime,NA,q1,7,19.935883848454715,-12.361971030216967,11.935883848454713,42.857142857142854,-86.16867570429343,-109.24788370248018,197.55891947366376,171.19108667897072,71.42857142857143,28.57142857142857,28.57142857142857,71.42857142857143,57.14285714285714,57.14285714285714,11.935883848454713,7.935883848454713,3.935883848454713,-0.06411615154528683,-4.064116151545287
Stage39E_FROZEN_RULE_OUT_OF_SAMPLE_AUDIT,RESEARCH_STAGE_ONLY_NO_PROMOTION,NO_GO,6,RANGE_BOTTOM_REV_LONG_W48_Q0.05 :: session_utc=LONDON_07_12 & spread_regime=NA,STRICT_CONDITION_ROBUSTNESS_WATCH_ONLY_NO_PROMOTION,RANGE_BOTTOM_REV_LONG_W48_Q0.05,cross_condition,,NA,session_utc,LONDON_07_12,spread_regime,NA,q2,8,55.82169242849544,41.15694811755111,47.82169242849544,75.0,-63.6641788687442,-49.51576863501867,95.68412112244351,123.12821644990507,62.5,12.5,0.0,75.0,37.5,25.0,47.82169242849544,43.82169242849544,39.82169242849544,35.82169242849544,31.82169242849544
Stage39E_FROZEN_RULE_OUT_OF_SAMPLE_AUDIT,RESEARCH_STAGE_ONLY_NO_PROMOTION,NO_GO,6,RANGE_BOTTOM_REV_LONG_W48_Q0.05 :: session_utc=LONDON_07_12 & spread_regime=NA,STRICT_CONDITION_ROBUSTNESS_WATCH_ONLY_NO_PROMOTION,RANGE_BOTTOM_REV_LONG_W48_Q0.05,cross_condition,,NA,session_utc,LONDON_07_12,spread_regime,NA,q3,8,4.165910658253658,42.137535609501064,-3.834089341746335,62.5,-163.08970500049645,-161.98450677759394,131.1641918308959,111.4061386855575,87.5,62.5,62.5,75.0,62.5,25.0,-3.834089341746335,-7.834089341746335,-11.834089341746335,-15.834089341746335,-19.834089341746335
Stage39E_FROZEN_RULE_OUT_OF_SAMPLE_AUDIT,RESEARCH_STAGE_ONLY_NO_PROMOTION,NO_GO,6,RANGE_BOTTOM_REV_LONG_W48_Q0.05 :: session_utc=LONDON_07_12 & spread_regime=NA,STRICT_CONDITION_ROBUSTNESS_WATCH_ONLY_NO_PROMOTION,RANGE_BOTTOM_REV_LONG_W48_Q0.05,cross_condition,,NA,session_utc,LONDON_07_12,spread_regime,NA,q4,8,189.6424830883625,151.22597286468698,181.6424830883625,62.5,-87.32721498643735,-132.03164968537934,235.60914919800945,315.1627741812177,62.5,50.0,25.0,75.0,75.0,75.0,181.6424830883625,177.6424830883625,173.6424830883625,169.6424830883625,165.6424830883625
Stage39E_FROZEN_RULE_OUT_OF_SAMPLE_AUDIT,RESEARCH_STAGE_ONLY_NO_PROMOTION,NO_GO,6,RANGE_BOTTOM_REV_LONG_W48_Q0.05 :: session_utc=LONDON_07_12 & spread_regime=NA,STRICT_CONDITION_ROBUSTNESS_WATCH_ONLY_NO_PROMOTION,RANGE_BOTTOM_REV_LONG_W48_Q0.05,cross_condition,,NA,session_utc,LONDON_07_12,spread_regime,NA,recent_third,11,106.27264292749669,19.201181986909788,98.27264292749669,54.54545454545454,-147.3151683495144,-172.71471707854963,154.7783328412078,259.1925715614376,72.72727272727273,63.63636363636363,45.45454545454545,72.72727272727273,72.72727272727273,63.63636363636363,98.27264292749669,94.27264292749669,90.27264292749669,86.27264292749669,82.27264292749669
Stage39E_FROZEN_RULE_OUT_OF_SAMPLE_AUDIT,RESEARCH_STAGE_ONLY_NO_PROMOTION,NO_GO,7,RANGE_BOTTOM_REV_LONG_W48_Q0.05 :: prior_ret72_regime=NEUTRAL_-75_75BPS,STRICT_CONDITION_ROBUSTNESS_WATCH_ONLY_NO_PROMOTION,RANGE_BOTTOM_REV_LONG_W48_Q0.05,single_condition,prior_ret72_regime,NEUTRAL_-75_75BPS,,NA,,NA,train,54,27.60446123413317,29.106410231449775,19.60446123413317,59.25925925925925,-72.30144299959329,-87.22461182909129,94.86916319809134,121.41709289141325,62.96296296296296,37.03703703703704,18.51851851851852,75.92592592592592,44.44444444444444,33.33333333333333,19.60446123413317,15.604461234133169,11.604461234133169,7.6044612341331685,3.6044612341331685
Stage39E_FROZEN_RULE_OUT_OF_SAMPLE_AUDIT,RESEARCH_STAGE_ONLY_NO_PROMOTION,NO_GO,7,RANGE_BOTTOM_REV_LONG_W48_Q0.05 :: prior_ret72_regime=NEUTRAL_-75_75BPS,STRICT_CONDITION_ROBUSTNESS_WATCH_ONLY_NO_PROMOTION,RANGE_BOTTOM_REV_LONG_W48_Q0.05,single_condition,prior_ret72_regime,NEUTRAL_-75_75BPS,,NA,,NA,oos,27,94.04070667410932,80.88209758638554,86.04070667410932,66.66666666666666,-58.96403957601604,-97.44656515882542,154.7783328412078,181.265030739887,66.66666666666666,33.33333333333333,22.22222222222222,77.77777777777779,74.07407407407408,51.85185185185185,86.04070667410932,82.04070667410932,78.04070667410932,74.04070667410932,70.04070667410932
Stage39E_FROZEN_RULE_OUT_OF_SAMPLE_AUDIT,RESEARCH_STAGE_ONLY_NO_PROMOTION,NO_GO,7,RANGE_BOTTOM_REV_LONG_W48_Q0.05 :: prior_ret72_regime=NEUTRAL_-75_75BPS,STRICT_CONDITION_ROBUSTNESS_WATCH_ONLY_NO_PROMOTION,RANGE_BOTTOM_REV_LONG_W48_Q0.05,single_condition,prior_ret72_regime,NEUTRAL_-75_75BPS,,NA,,NA,first_half,40,9.453041103382436,11.314558500095107,1.4530411033824393,52.5,-77.94026114656572,-99.50017848678935,87.32993153315994,110.980710881092,72.5,42.5,22.5,70.0,37.5,32.5,1.4530411033824393,-2.5469588966175607,-6.546958896617561,-10.54695889661756,-14.54695889661756
Stage39E_FROZEN_RULE_OUT_OF_SAMPLE_AUDIT,RESEARCH_STAGE_ONLY_NO_PROMOTION,NO_GO,7,RANGE_BOTTOM_REV_LONG_W48_Q0.05 :: prior_ret72_regime=NEUTRAL_-75_75BPS,STRICT_CONDITION_ROBUSTNESS_WATCH_ONLY_NO_PROMOTION,RANGE_BOTTOM_REV_LONG_W48_Q0.05,single_condition,prior_ret72_regime,NEUTRAL_-75_75BPS,,NA,,NA,second_half,41,89.06386201728893,65.30687381068212,81.06386201728893,70.73170731707317,-54.86859506700692,-81.97997947774738,133.40089870079063,171.01098563096548,56.09756097560976,29.268292682926827,17.073170731707318,82.92682926829268,70.73170731707317,46.34146341463415,81.06386201728893,77.06386201728893,73.06386201728893,69.06386201728893,65.06386201728893
Stage39E_FROZEN_RULE_OUT_OF_SAMPLE_AUDIT,RESEARCH_STAGE_ONLY_NO_PROMOTION,NO_GO,7,RANGE_BOTTOM_REV_LONG_W48_Q0.05 :: prior_ret72_regime=NEUTRAL_-75_75BPS,STRICT_CONDITION_ROBUSTNESS_WATCH_ONLY_NO_PROMOTION,RANGE_BOTTOM_REV_LONG_W48_Q0.05,single_condition,prior_ret72_regime,NEUTRAL_-75_75BPS,,NA,,NA,q1,20,18.887165999735885,1.707683483030408,10.887165999735885,50.0,-82.15800844654287,-110.12662302001718,96.08973292223877,133.11441514441805,70.0,45.0,35.0,75.0,45.0,40.0,10.887165999735885,6.887165999735885,2.8871659997358847,-1.1128340002641153,-5.112834000264115
Stage39E_FROZEN_RULE_OUT_OF_SAMPLE_AUDIT,RESEARCH_STAGE_ONLY_NO_PROMOTION,NO_GO,7,RANGE_BOTTOM_REV_LONG_W48_Q0.05 :: prior_ret72_regime=NEUTRAL_-75_75BPS,STRICT_CONDITION_ROBUSTNESS_WATCH_ONLY_NO_PROMOTION,RANGE_BOTTOM_REV_LONG_W48_Q0.05,single_condition,prior_ret72_regime,NEUTRAL_-75_75BPS,,NA,,NA,q2,20,0.018916207028988375,13.922136293107457,-7.9810837929710114,55.00000000000001,-77.94026114656572,-88.87373395356153,74.54555752590352,88.84700661776601,75.0,40.0,10.0,65.0,30.0,25.0,-7.9810837929710114,-11.981083792971011,-15.981083792971011,-19.981083792971013,-23.981083792971013
Stage39E_FROZEN_RULE_OUT_OF_SAMPLE_AUDIT,RESEARCH_STAGE_ONLY_NO_PROMOTION,NO_GO,7,RANGE_BOTTOM_REV_LONG_W48_Q0.05 :: prior_ret72_regime=NEUTRAL_-75_75BPS,STRICT_CONDITION_ROBUSTNESS_WATCH_ONLY_NO_PROMOTION,RANGE_BOTTOM_REV_LONG_W48_Q0.05,single_condition,prior_ret72_regime,NEUTRAL_-75_75BPS,,NA,,NA,q3,20,36.22334581455017,34.42605814271582,28.223345814550175,65.0,-49.187906746837044,-83.59521932512149,107.01434833548572,124.3624811439078,50.0,30.0,15.0,80.0,55.00000000000001,25.0,28.223345814550175,24.223345814550175,20.223345814550175,16.223345814550175,12.223345814550175
Stage39E_FROZEN_RULE_OUT_OF_SAMPLE_AUDIT,RESEARCH_STAGE_ONLY_NO_PROMOTION,NO_GO,7,RANGE_BOTTOM_REV_LONG_W48_Q0.05 :: prior_ret72_regime=NEUTRAL_-75_75BPS,STRICT_CONDITION_ROBUSTNESS_WATCH_ONLY_NO_PROMOTION,RANGE_BOTTOM_REV_LONG_W48_Q0.05,single_condition,prior_ret72_regime,NEUTRAL_-75_75BPS,,NA,,NA,q4,21,139.38816316275438,133.53042434099294,131.38816316275438,76.19047619047619,-55.4683010917445,-80.44165581358158,209.69162995594596,215.43813276149663,61.904761904761905,28.57142857142857,19.047619047619047,85.71428571428571,85.71428571428571,66.66666666666666,131.38816316275438,127.38816316275438,123.38816316275438,119.38816316275438,115.38816316275438
Stage39E_FROZEN_RULE_OUT_OF_SAMPLE_AUDIT,RESEARCH_STAGE_ONLY_NO_PROMOTION,NO_GO,7,RANGE_BOTTOM_REV_LONG_W48_Q0.05 :: prior_ret72_regime=NEUTRAL_-75_75BPS,STRICT_CONDITION_ROBUSTNESS_WATCH_ONLY_NO_PROMOTION,RANGE_BOTTOM_REV_LONG_W48_Q0.05,single_condition,prior_ret72_regime,NEUTRAL_-75_75BPS,,NA,,NA,recent_third,27,94.04070667410932,80.88209758638554,86.04070667410932,66.66666666666666,-58.96403957601604,-97.44656515882542,154.7783328412078,181.265030739887,66.66666666666666,33.33333333333333,22.22222222222222,77.77777777777779,74.07407407407408,51.85185185185185,86.04070667410932,82.04070667410932,78.04070667410932,74.04070667410932,70.04070667410932
Stage39E_FROZEN_RULE_OUT_OF_SAMPLE_AUDIT,RESEARCH_STAGE_ONLY_NO_PROMOTION,NO_GO,8,RANGE_BOTTOM_REV_LONG_W48_Q0.05 :: trigger_severity_bucket=SEVERITY_LOW,STRICT_CONDITION_ROBUSTNESS_WATCH_ONLY_NO_PROMOTION,RANGE_BOTTOM_REV_LONG_W48_Q0.05,single_condition,trigger_severity_bucket,SEVERITY_LOW,,NA,,NA,train,34,13.594789531140703,12.25690153582093,5.594789531140706,52.94117647058824,-79.60241749196295,-94.28084735363622,116.81181643942605,125.459952315388,64.70588235294117,35.294117647058826,29.411764705882355,79.41176470588235,55.88235294117647,32.35294117647059,5.594789531140706,1.594789531140706,-2.405210468859294,-6.405210468859294,-10.405210468859295
Stage39E_FROZEN_RULE_OUT_OF_SAMPLE_AUDIT,RESEARCH_STAGE_ONLY_NO_PROMOTION,NO_GO,8,RANGE_BOTTOM_REV_LONG_W48_Q0.05 :: trigger_severity_bucket=SEVERITY_LOW,STRICT_CONDITION_ROBUSTNESS_WATCH_ONLY_NO_PROMOTION,RANGE_BOTTOM_REV_LONG_W48_Q0.05,single_condition,trigger_severity_bucket,SEVERITY_LOW,,NA,,NA,oos,18,114.26993452158607,158.83939649433017,106.26993452158607,83.33333333333334,-55.9136038747432,-164.34717824602689,189.6928405163556,261.76829356169475,61.111111111111114,22.22222222222222,16.666666666666664,83.33333333333334,77.77777777777779,55.55555555555556,106.26993452158607,102.26993452158607,98.26993452158607,94.26993452158607,90.26993452158607
Stage39E_FROZEN_RULE_OUT_OF_SAMPLE_AUDIT,RESEARCH_STAGE_ONLY_NO_PROMOTION,NO_GO,8,RANGE_BOTTOM_REV_LONG_W48_Q0.05 :: trigger_severity_bucket=SEVERITY_LOW,STRICT_CONDITION_ROBUSTNESS_WATCH_ONLY_NO_PROMOTION,RANGE_BOTTOM_REV_LONG_W48_Q0.05,single_condition,trigger_severity_bucket,SEVERITY_LOW,,NA,,NA,first_half,26,4.0737312652954065,-7.697170932757237,-3.9262687347045953,46.15384615384615,-82.48048920369288,-96.10229906149668,121.29960293337017,127.48456855277693,65.38461538461539,38.46153846153847,30.76923076923077,80.76923076923077,53.84615384615385,38.46153846153847,-3.9262687347045953,-7.926268734704595,-11.926268734704596,-15.926268734704596,-19.926268734704596
Stage39E_FROZEN_RULE_OUT_OF_SAMPLE_AUDIT,RESEARCH_STAGE_ONLY_NO_PROMOTION,NO_GO,8,RANGE_BOTTOM_REV_LONG_W48_Q0.05 :: trigger_severity_bucket=SEVERITY_LOW,STRICT_CONDITION_ROBUSTNESS_WATCH_ONLY_NO_PROMOTION,RANGE_BOTTOM_REV_LONG_W48_Q0.05,single_condition,trigger_severity_bucket,SEVERITY_LOW,,NA,,NA,second_half,26,92.81402509806354,88.79437215066787,84.81402509806354,80.76923076923077,-58.29409055459479,-140.9668554943539,129.25682303122966,217.80264924851906,61.53846153846154,23.076923076923077,19.230769230769234,80.76923076923077,73.07692307692307,42.30769230769231,84.81402509806354,80.81402509806354,76.81402509806354,72.81402509806354,68.81402509806354
Stage39E_FROZEN_RULE_OUT_OF_SAMPLE_AUDIT,RESEARCH_STAGE_ONLY_NO_PROMOTION,NO_GO,8,RANGE_BOTTOM_REV_LONG_W48_Q0.05 :: trigger_severity_bucket=SEVERITY_LOW,STRICT_CONDITION_ROBUSTNESS_WATCH_ONLY_NO_PROMOTION,RANGE_BOTTOM_REV_LONG_W48_Q0.05,single_condition,trigger_severity_bucket,SEVERITY_LOW,,NA,,NA,q1,13,-19.718068458244314,-45.00180007200317,-27.718068458244314,30.76923076923077,-88.5397637315799,-115.08925003444152,147.34478131076534,145.47711940248547,76.92307692307693,46.15384615384615,38.46153846153847,84.61538461538461,53.84615384615385,46.15384615384615,-27.718068458244314,-31.718068458244314,-35.71806845824432,-39.71806845824432,-43.71806845824432
Stage39E_FROZEN_RULE_OUT_OF_SAMPLE_AUDIT,RESEARCH_STAGE_ONLY_NO_PROMOTION,NO_GO,8,RANGE_BOTTOM_REV_LONG_W48_Q0.05 :: trigger_severity_bucket=SEVERITY_LOW,STRICT_CONDITION_ROBUSTNESS_WATCH_ONLY_NO_PROMOTION,RANGE_BOTTOM_REV_LONG_W48_Q0.05,single_condition,trigger_severity_bucket,SEVERITY_LOW,,NA,,NA,q2,13,27.865530988835125,31.04748807067903,19.86553098883512,61.53846153846154,-73.10010174532367,-77.11534808855181,115.17199017198942,109.49201770306833,53.84615384615385,30.76923076923077,23.076923076923077,76.92307692307693,53.84615384615385,30.76923076923077,19.86553098883512,15.865530988835118,11.865530988835118,7.865530988835118,3.8655309888351184
Stage39E_FROZEN_RULE_OUT_OF_SAMPLE_AUDIT,RESEARCH_STAGE_ONLY_NO_PROMOTION,NO_GO,8,RANGE_BOTTOM_REV_LONG_W48_Q0.05 :: trigger_severity_bucket=SEVERITY_LOW,STRICT_CONDITION_ROBUSTNESS_WATCH_ONLY_NO_PROMOTION,RANGE_BOTTOM_REV_LONG_W48_Q0.05,single_condition,trigger_severity_bucket,SEVERITY_LOW,,NA,,NA,q3,13,60.033225245174144,49.98685861355767,52.033225245174144,84.61538461538461,-61.47212576792293,-74.79776558565858,118.4516427068627,125.0757850604303,69.23076923076923,15.384615384615385,15.384615384615385,84.61538461538461,69.23076923076923,15.384615384615385,52.033225245174144,48.033225245174144,44.033225245174144,40.033225245174144,36.033225245174144
Stage39E_FROZEN_RULE_OUT_OF_SAMPLE_AUDIT,RESEARCH_STAGE_ONLY_NO_PROMOTION,NO_GO,8,RANGE_BOTTOM_REV_LONG_W48_Q0.05 :: trigger_severity_bucket=SEVERITY_LOW,STRICT_CONDITION_ROBUSTNESS_WATCH_ONLY_NO_PROMOTION,RANGE_BOTTOM_REV_LONG_W48_Q0.05,single_condition,trigger_severity_bucket,SEVERITY_LOW,,NA,,NA,q4,13,125.59482495095293,236.89286393451025,117.59482495095293,76.92307692307693,-56.35890665774191,-207.13594540304925,253.8926052462842,310.52951343660783,53.84615384615385,30.76923076923077,23.076923076923077,76.92307692307693,76.92307692307693,69.23076923076923,117.59482495095293,113.59482495095293,109.59482495095293,105.59482495095293,101.59482495095293
Stage39E_FROZEN_RULE_OUT_OF_SAMPLE_AUDIT,RESEARCH_STAGE_ONLY_NO_PROMOTION,NO_GO,8,RANGE_BOTTOM_REV_LONG_W48_Q0.05 :: trigger_severity_bucket=SEVERITY_LOW,STRICT_CONDITION_ROBUSTNESS_WATCH_ONLY_NO_PROMOTION,RANGE_BOTTOM_REV_LONG_W48_Q0.05,single_condition,trigger_severity_bucket,SEVERITY_LOW,,NA,,NA,recent_third,18,114.26993452158607,158.83939649433017,106.26993452158607,83.33333333333334,-55.9136038747432,-164.34717824602689,189.6928405163556,261.76829356169475,61.111111111111114,22.22222222222222,16.666666666666664,83.33333333333334,77.77777777777779,55.55555555555556,106.26993452158607,102.26993452158607,98.26993452158607,94.26993452158607,90.26993452158607
