timestamp,event,currency,impact,category,actual,forecast,previous,source
2022-01-10T13:30:00+00:00,DFII10 real_yield_shock hostile on 2022-01-10,USD,high,real_yield_shock,,,,fred_numeric_backfill
2022-02-10T13:30:00+00:00,DGS2 front_end_yield_shock hostile on 2022-02-10,USD,high,front_end_yield_shock,,,,fred_numeric_backfill
2022-02-28T13:30:00+00:00,DFII10 real_yield_shock supportive on 2022-02-28,USD,high,real_yield_shock,,,,fred_numeric_backfill
2022-03-01T13:30:00+00:00,DCOILBRENTEU oil_supply_shock mixed on 2022-03-01,USD,high,oil_supply_shock,,,,fred_numeric_backfill
2022-03-01T13:30:00+00:00,DFII10 real_yield_shock supportive on 2022-03-01,USD,high,real_yield_shock,,,,fred_numeric_backfill
2022-03-02T13:30:00+00:00,DCOILBRENTEU oil_supply_shock mixed on 2022-03-02,USD,high,oil_supply_shock,,,,fred_numeric_backfill
2022-03-02T13:30:00+00:00,DFII10 real_yield_shock hostile on 2022-03-02,USD,high,real_yield_shock,,,,fred_numeric_backfill
2022-03-03T13:30:00+00:00,DCOILBRENTEU oil_supply_shock mixed on 2022-03-03,USD,high,oil_supply_shock,,,,fred_numeric_backfill
2022-03-04T13:30:00+00:00,DCOILBRENTEU oil_supply_shock mixed on 2022-03-04,USD,high,oil_supply_shock,,,,fred_numeric_backfill
2022-03-04T13:30:00+00:00,DFII10 real_yield_shock supportive on 2022-03-04,USD,high,real_yield_shock,,,,fred_numeric_backfill
2022-03-07T13:30:00+00:00,DCOILBRENTEU oil_supply_shock mixed on 2022-03-07,USD,high,oil_supply_shock,,,,fred_numeric_backfill
2022-03-07T13:30:00+00:00,DTWEXBGS usd_shock hostile on 2022-03-07,USD,high,usd_shock,,,,fred_numeric_backfill
2022-03-08T13:30:00+00:00,DGS2 front_end_yield_shock hostile on 2022-03-08,USD,high,front_end_yield_shock,,,,fred_numeric_backfill
2022-03-08T13:30:00+00:00,DCOILBRENTEU oil_supply_shock mixed on 2022-03-08,USD,high,oil_supply_shock,,,,fred_numeric_backfill
2022-03-08T13:30:00+00:00,DTWEXBGS usd_shock hostile on 2022-03-08,USD,high,usd_shock,,,,fred_numeric_backfill
2022-03-09T13:30:00+00:00,DCOILBRENTEU oil_supply_shock mixed on 2022-03-09,USD,high,oil_supply_shock,,,,fred_numeric_backfill
2022-03-10T13:30:00+00:00,DCOILWTICO oil_supply_shock mixed on 2022-03-10,USD,high,oil_supply_shock,,,,fred_numeric_backfill
2022-03-11T13:30:00+00:00,DCOILWTICO oil_supply_shock mixed on 2022-03-11,USD,high,oil_supply_shock,,,,fred_numeric_backfill
2022-03-14T13:30:00+00:00,DGS2 front_end_yield_shock hostile on 2022-03-14,USD,high,front_end_yield_shock,,,,fred_numeric_backfill
2022-03-14T13:30:00+00:00,DGS10 nominal_yield_shock hostile on 2022-03-14,USD,high,nominal_yield_shock,,,,fred_numeric_backfill
2022-03-14T13:30:00+00:00,DCOILBRENTEU oil_supply_shock mixed on 2022-03-14,USD,high,oil_supply_shock,,,,fred_numeric_backfill
2022-03-15T13:30:00+00:00,DCOILBRENTEU oil_supply_shock mixed on 2022-03-15,USD,high,oil_supply_shock,,,,fred_numeric_backfill
2022-03-15T13:30:00+00:00,DFII10 real_yield_shock hostile on 2022-03-15,USD,high,real_yield_shock,,,,fred_numeric_backfill
2022-03-16T13:30:00+00:00,DCOILBRENTEU oil_supply_shock mixed on 2022-03-16,USD,high,oil_supply_shock,,,,fred_numeric_backfill
2022-03-16T13:30:00+00:00,DFII10 real_yield_shock hostile on 2022-03-16,USD,high,real_yield_shock,,,,fred_numeric_backfill
2022-03-18T13:30:00+00:00,DCOILWTICO oil_supply_shock mixed on 2022-03-18,USD,high,oil_supply_shock,,,,fred_numeric_backfill
2022-03-21T13:30:00+00:00,DCOILBRENTEU oil_supply_shock mixed on 2022-03-21,USD,high,oil_supply_shock,,,,fred_numeric_backfill
2022-03-22T13:30:00+00:00,DGS2 front_end_yield_shock hostile on 2022-03-22,USD,high,front_end_yield_shock,,,,fred_numeric_backfill
2022-03-22T13:30:00+00:00,DCOILBRENTEU oil_supply_shock mixed on 2022-03-22,USD,high,oil_supply_shock,,,,fred_numeric_backfill
2022-03-23T13:30:00+00:00,DCOILBRENTEU oil_supply_shock mixed on 2022-03-23,USD,high,oil_supply_shock,,,,fred_numeric_backfill
2022-03-25T13:30:00+00:00,DGS2 front_end_yield_shock hostile on 2022-03-25,USD,high,front_end_yield_shock,,,,fred_numeric_backfill
2022-03-25T13:30:00+00:00,DGS10 nominal_yield_shock hostile on 2022-03-25,USD,high,nominal_yield_shock,,,,fred_numeric_backfill
2022-03-25T13:30:00+00:00,DFII10 real_yield_shock hostile on 2022-03-25,USD,high,real_yield_shock,,,,fred_numeric_backfill
2022-03-29T13:30:00+00:00,DCOILWTICO oil_supply_shock mixed on 2022-03-29,USD,high,oil_supply_shock,,,,fred_numeric_backfill
2022-03-31T13:30:00+00:00,DCOILBRENTEU oil_supply_shock mixed on 2022-03-31,USD,high,oil_supply_shock,,,,fred_numeric_backfill
2022-04-01T13:30:00+00:00,DCOILBRENTEU oil_supply_shock mixed on 2022-04-01,USD,high,oil_supply_shock,,,,fred_numeric_backfill
2022-04-06T13:30:00+00:00,DCOILBRENTEU oil_supply_shock mixed on 2022-04-06,USD,high,oil_supply_shock,,,,fred_numeric_backfill
2022-04-06T13:30:00+00:00,DFII10 real_yield_shock hostile on 2022-04-06,USD,high,real_yield_shock,,,,fred_numeric_backfill
2022-04-07T13:30:00+00:00,DGS10 nominal_yield_shock hostile on 2022-04-07,USD,high,nominal_yield_shock,,,,fred_numeric_backfill
2022-04-07T13:30:00+00:00,DFII10 real_yield_shock hostile on 2022-04-07,USD,high,real_yield_shock,,,,fred_numeric_backfill
2022-04-08T13:30:00+00:00,DGS10 nominal_yield_shock hostile on 2022-04-08,USD,high,nominal_yield_shock,,,,fred_numeric_backfill
2022-04-08T13:30:00+00:00,DFII10 real_yield_shock hostile on 2022-04-08,USD,high,real_yield_shock,,,,fred_numeric_backfill
2022-04-11T13:30:00+00:00,DGS10 nominal_yield_shock hostile on 2022-04-11,USD,high,nominal_yield_shock,,,,fred_numeric_backfill
2022-04-11T13:30:00+00:00,DFII10 real_yield_shock hostile on 2022-04-11,USD,high,real_yield_shock,,,,fred_numeric_backfill
2022-04-13T13:30:00+00:00,DCOILWTICO oil_supply_shock mixed on 2022-04-13,USD,high,oil_supply_shock,,,,fred_numeric_backfill
2022-04-14T13:30:00+00:00,DCOILBRENTEU oil_supply_shock mixed on 2022-04-14,USD,high,oil_supply_shock,,,,fred_numeric_backfill
2022-04-21T13:30:00+00:00,DGS2 front_end_yield_shock hostile on 2022-04-21,USD,high,front_end_yield_shock,,,,fred_numeric_backfill
2022-04-25T13:30:00+00:00,DCOILBRENTEU oil_supply_shock mixed on 2022-04-25,USD,high,oil_supply_shock,,,,fred_numeric_backfill
2022-04-25T13:30:00+00:00,DTWEXBGS usd_shock hostile on 2022-04-25,USD,high,usd_shock,,,,fred_numeric_backfill
2022-04-26T13:30:00+00:00,DTWEXBGS usd_shock hostile on 2022-04-26,USD,high,usd_shock,,,,fred_numeric_backfill
2022-04-27T13:30:00+00:00,DTWEXBGS usd_shock hostile on 2022-04-27,USD,high,usd_shock,,,,fred_numeric_backfill
2022-04-28T13:30:00+00:00,DTWEXBGS usd_shock hostile on 2022-04-28,USD,high,usd_shock,,,,fred_numeric_backfill
2022-05-02T13:30:00+00:00,DFII10 real_yield_shock hostile on 2022-05-02,USD,high,real_yield_shock,,,,fred_numeric_backfill
2022-05-05T13:30:00+00:00,DFII10 real_yield_shock hostile on 2022-05-05,USD,high,real_yield_shock,,,,fred_numeric_backfill
2022-05-06T13:30:00+00:00,DFII10 real_yield_shock hostile on 2022-05-06,USD,high,real_yield_shock,,,,fred_numeric_backfill
2022-05-13T13:30:00+00:00,DCOILWTICO oil_supply_shock mixed on 2022-05-13,USD,high,oil_supply_shock,,,,fred_numeric_backfill
2022-05-17T13:30:00+00:00,DCOILBRENTEU oil_supply_shock mixed on 2022-05-17,USD,high,oil_supply_shock,,,,fred_numeric_backfill
2022-05-19T13:30:00+00:00,DTWEXBGS usd_shock supportive on 2022-05-19,USD,high,usd_shock,,,,fred_numeric_backfill
2022-05-23T13:30:00+00:00,DTWEXBGS usd_shock supportive on 2022-05-23,USD,high,usd_shock,,,,fred_numeric_backfill
2022-06-10T13:30:00+00:00,DGS2 front_end_yield_shock hostile on 2022-06-10,USD,high,front_end_yield_shock,,,,fred_numeric_backfill
2022-06-10T13:30:00+00:00,DTWEXBGS usd_shock hostile on 2022-06-10,USD,high,usd_shock,,,,fred_numeric_backfill
2022-06-13T13:30:00+00:00,DGS2 front_end_yield_shock hostile on 2022-06-13,USD,high,front_end_yield_shock,,,,fred_numeric_backfill
2022-06-13T13:30:00+00:00,DGS10 nominal_yield_shock hostile on 2022-06-13,USD,high,nominal_yield_shock,,,,fred_numeric_backfill
2022-06-13T13:30:00+00:00,DFII10 real_yield_shock hostile on 2022-06-13,USD,high,real_yield_shock,,,,fred_numeric_backfill
2022-06-13T13:30:00+00:00,DTWEXBGS usd_shock hostile on 2022-06-13,USD,high,usd_shock,,,,fred_numeric_backfill
2022-06-14T13:30:00+00:00,DGS2 front_end_yield_shock hostile on 2022-06-14,USD,high,front_end_yield_shock,,,,fred_numeric_backfill
2022-06-14T13:30:00+00:00,DGS10 nominal_yield_shock hostile on 2022-06-14,USD,high,nominal_yield_shock,,,,fred_numeric_backfill
2022-06-14T13:30:00+00:00,DFII10 real_yield_shock hostile on 2022-06-14,USD,high,real_yield_shock,,,,fred_numeric_backfill
2022-06-14T13:30:00+00:00,DTWEXBGS usd_shock hostile on 2022-06-14,USD,high,usd_shock,,,,fred_numeric_backfill
2022-06-15T13:30:00+00:00,DGS2 front_end_yield_shock hostile on 2022-06-15,USD,high,front_end_yield_shock,,,,fred_numeric_backfill
2022-06-15T13:30:00+00:00,DGS10 nominal_yield_shock hostile on 2022-06-15,USD,high,nominal_yield_shock,,,,fred_numeric_backfill
2022-06-15T13:30:00+00:00,DFII10 real_yield_shock hostile on 2022-06-15,USD,high,real_yield_shock,,,,fred_numeric_backfill
2022-06-15T13:30:00+00:00,DTWEXBGS usd_shock hostile on 2022-06-15,USD,high,usd_shock,,,,fred_numeric_backfill
2022-06-16T13:30:00+00:00,DGS2 front_end_yield_shock hostile on 2022-06-16,USD,high,front_end_yield_shock,,,,fred_numeric_backfill
2022-06-16T13:30:00+00:00,DFII10 real_yield_shock hostile on 2022-06-16,USD,high,real_yield_shock,,,,fred_numeric_backfill
2022-06-17T13:30:00+00:00,DFII10 real_yield_shock hostile on 2022-06-17,USD,high,real_yield_shock,,,,fred_numeric_backfill
2022-06-22T13:30:00+00:00,DGS2 front_end_yield_shock supportive on 2022-06-22,USD,high,front_end_yield_shock,,,,fred_numeric_backfill
2022-06-22T13:30:00+00:00,DGS10 nominal_yield_shock supportive on 2022-06-22,USD,high,nominal_yield_shock,,,,fred_numeric_backfill
2022-06-22T13:30:00+00:00,DFII10 real_yield_shock supportive on 2022-06-22,USD,high,real_yield_shock,,,,fred_numeric_backfill
2022-07-05T13:30:00+00:00,DGS10 nominal_yield_shock supportive on 2022-07-05,USD,high,nominal_yield_shock,,,,fred_numeric_backfill
2022-07-05T13:30:00+00:00,DTWEXBGS usd_shock hostile on 2022-07-05,USD,high,usd_shock,,,,fred_numeric_backfill
2022-07-06T13:30:00+00:00,DCOILBRENTEU oil_supply_shock mixed on 2022-07-06,USD,high,oil_supply_shock,,,,fred_numeric_backfill
2022-07-06T13:30:00+00:00,DTWEXBGS usd_shock hostile on 2022-07-06,USD,high,usd_shock,,,,fred_numeric_backfill
2022-07-27T13:30:00+00:00,DFII10 real_yield_shock supportive on 2022-07-27,USD,high,real_yield_shock,,,,fred_numeric_backfill
2022-07-28T13:30:00+00:00,DFII10 real_yield_shock supportive on 2022-07-28,USD,high,real_yield_shock,,,,fred_numeric_backfill
2022-07-29T13:30:00+00:00,DFII10 real_yield_shock supportive on 2022-07-29,USD,high,real_yield_shock,,,,fred_numeric_backfill
2022-08-01T13:30:00+00:00,DFII10 real_yield_shock supportive on 2022-08-01,USD,high,real_yield_shock,,,,fred_numeric_backfill
2022-08-04T13:30:00+00:00,DCOILBRENTEU oil_supply_shock mixed on 2022-08-04,USD,high,oil_supply_shock,,,,fred_numeric_backfill
2022-08-05T13:30:00+00:00,DGS2 front_end_yield_shock hostile on 2022-08-05,USD,high,front_end_yield_shock,,,,fred_numeric_backfill
2022-08-05T13:30:00+00:00,DCOILBRENTEU oil_supply_shock mixed on 2022-08-05,USD,high,oil_supply_shock,,,,fred_numeric_backfill
2022-08-08T13:30:00+00:00,DGS2 front_end_yield_shock hostile on 2022-08-08,USD,high,front_end_yield_shock,,,,fred_numeric_backfill
2022-08-18T13:30:00+00:00,DCOILBRENTEU oil_supply_shock mixed on 2022-08-18,USD,high,oil_supply_shock,,,,fred_numeric_backfill
2022-08-19T13:30:00+00:00,DTWEXBGS usd_shock hostile on 2022-08-19,USD,high,usd_shock,,,,fred_numeric_backfill
2022-08-22T13:30:00+00:00,DTWEXBGS usd_shock hostile on 2022-08-22,USD,high,usd_shock,,,,fred_numeric_backfill
2022-09-01T13:30:00+00:00,DCOILWTICO oil_supply_shock mixed on 2022-09-01,USD,high,oil_supply_shock,,,,fred_numeric_backfill
2022-09-01T13:30:00+00:00,DFII10 real_yield_shock hostile on 2022-09-01,USD,high,real_yield_shock,,,,fred_numeric_backfill
2022-09-02T13:30:00+00:00,DFII10 real_yield_shock hostile on 2022-09-02,USD,high,real_yield_shock,,,,fred_numeric_backfill
2022-09-06T13:30:00+00:00,DFII10 real_yield_shock hostile on 2022-09-06,USD,high,real_yield_shock,,,,fred_numeric_backfill
2022-09-07T13:30:00+00:00,DCOILBRENTEU oil_supply_shock mixed on 2022-09-07,USD,high,oil_supply_shock,,,,fred_numeric_backfill
2022-09-07T13:30:00+00:00,DFII10 real_yield_shock hostile on 2022-09-07,USD,high,real_yield_shock,,,,fred_numeric_backfill
2022-09-14T13:30:00+00:00,DGS2 front_end_yield_shock hostile on 2022-09-14,USD,high,front_end_yield_shock,,,,fred_numeric_backfill
2022-09-15T13:30:00+00:00,DGS2 front_end_yield_shock hostile on 2022-09-15,USD,high,front_end_yield_shock,,,,fred_numeric_backfill
2022-09-19T13:30:00+00:00,DGS2 front_end_yield_shock hostile on 2022-09-19,USD,high,front_end_yield_shock,,,,fred_numeric_backfill
2022-09-22T13:30:00+00:00,DFII10 real_yield_shock hostile on 2022-09-22,USD,high,real_yield_shock,,,,fred_numeric_backfill
2022-09-23T13:30:00+00:00,DGS2 front_end_yield_shock hostile on 2022-09-23,USD,high,front_end_yield_shock,,,,fred_numeric_backfill
2022-09-23T13:30:00+00:00,DFII10 real_yield_shock hostile on 2022-09-23,USD,high,real_yield_shock,,,,fred_numeric_backfill
2022-09-23T13:30:00+00:00,DTWEXBGS usd_shock hostile on 2022-09-23,USD,high,usd_shock,,,,fred_numeric_backfill
2022-09-26T13:30:00+00:00,DGS2 front_end_yield_shock hostile on 2022-09-26,USD,high,front_end_yield_shock,,,,fred_numeric_backfill
2022-09-26T13:30:00+00:00,DGS10 nominal_yield_shock hostile on 2022-09-26,USD,high,nominal_yield_shock,,,,fred_numeric_backfill
2022-09-26T13:30:00+00:00,DFII10 real_yield_shock hostile on 2022-09-26,USD,high,real_yield_shock,,,,fred_numeric_backfill
2022-09-26T13:30:00+00:00,DTWEXBGS usd_shock hostile on 2022-09-26,USD,high,usd_shock,,,,fred_numeric_backfill
2022-09-27T13:30:00+00:00,DGS2 front_end_yield_shock hostile on 2022-09-27,USD,high,front_end_yield_shock,,,,fred_numeric_backfill
2022-09-27T13:30:00+00:00,DGS10 nominal_yield_shock hostile on 2022-09-27,USD,high,nominal_yield_shock,,,,fred_numeric_backfill
2022-09-27T13:30:00+00:00,DFII10 real_yield_shock hostile on 2022-09-27,USD,high,real_yield_shock,,,,fred_numeric_backfill
2022-09-27T13:30:00+00:00,DTWEXBGS usd_shock hostile on 2022-09-27,USD,high,usd_shock,,,,fred_numeric_backfill
2022-09-28T13:30:00+00:00,DFII10 real_yield_shock hostile on 2022-09-28,USD,high,real_yield_shock,,,,fred_numeric_backfill
2022-09-28T13:30:00+00:00,DTWEXBGS usd_shock hostile on 2022-09-28,USD,high,usd_shock,,,,fred_numeric_backfill
2022-09-29T13:30:00+00:00,DFII10 real_yield_shock hostile on 2022-09-29,USD,high,real_yield_shock,,,,fred_numeric_backfill
2022-09-30T13:30:00+00:00,DFII10 real_yield_shock hostile on 2022-09-30,USD,high,real_yield_shock,,,,fred_numeric_backfill
2022-10-03T13:30:00+00:00,DFII10 real_yield_shock supportive on 2022-10-03,USD,high,real_yield_shock,,,,fred_numeric_backfill
2022-10-04T13:30:00+00:00,DGS10 nominal_yield_shock supportive on 2022-10-04,USD,high,nominal_yield_shock,,,,fred_numeric_backfill
2022-10-04T13:30:00+00:00,DFII10 real_yield_shock supportive on 2022-10-04,USD,high,real_yield_shock,,,,fred_numeric_backfill
2022-10-04T13:30:00+00:00,DTWEXBGS usd_shock supportive on 2022-10-04,USD,high,usd_shock,,,,fred_numeric_backfill
2022-10-05T13:30:00+00:00,DCOILWTICO oil_supply_shock mixed on 2022-10-05,USD,high,oil_supply_shock,,,,fred_numeric_backfill
2022-10-07T13:30:00+00:00,DCOILBRENTEU oil_supply_shock mixed on 2022-10-07,USD,high,oil_supply_shock,,,,fred_numeric_backfill
2022-10-12T13:30:00+00:00,DTWEXBGS usd_shock hostile on 2022-10-12,USD,high,usd_shock,,,,fred_numeric_backfill
2022-10-13T13:30:00+00:00,DGS2 front_end_yield_shock hostile on 2022-10-13,USD,high,front_end_yield_shock,,,,fred_numeric_backfill
2022-10-27T13:30:00+00:00,DGS2 front_end_yield_shock supportive on 2022-10-27,USD,high,front_end_yield_shock,,,,fred_numeric_backfill
2022-11-03T13:30:00+00:00,DGS2 front_end_yield_shock hostile on 2022-11-03,USD,high,front_end_yield_shock,,,,fred_numeric_backfill
2022-11-10T13:30:00+00:00,DGS2 front_end_yield_shock supportive on 2022-11-10,USD,high,front_end_yield_shock,,,,fred_numeric_backfill
2022-11-10T13:30:00+00:00,DGS10 nominal_yield_shock supportive on 2022-11-10,USD,high,nominal_yield_shock,,,,fred_numeric_backfill
2022-11-10T13:30:00+00:00,DFII10 real_yield_shock supportive on 2022-11-10,USD,high,real_yield_shock,,,,fred_numeric_backfill
2022-11-10T13:30:00+00:00,DTWEXBGS usd_shock supportive on 2022-11-10,USD,high,usd_shock,,,,fred_numeric_backfill
2022-11-14T13:30:00+00:00,DTWEXBGS usd_shock supportive on 2022-11-14,USD,high,usd_shock,,,,fred_numeric_backfill
2022-11-15T13:30:00+00:00,DGS2 front_end_yield_shock supportive on 2022-11-15,USD,high,front_end_yield_shock,,,,fred_numeric_backfill
2022-11-15T13:30:00+00:00,DGS10 nominal_yield_shock supportive on 2022-11-15,USD,high,nominal_yield_shock,,,,fred_numeric_backfill
2022-11-15T13:30:00+00:00,DTWEXBGS usd_shock supportive on 2022-11-15,USD,high,usd_shock,,,,fred_numeric_backfill
2022-11-16T13:30:00+00:00,DGS2 front_end_yield_shock supportive on 2022-11-16,USD,high,front_end_yield_shock,,,,fred_numeric_backfill
2022-11-16T13:30:00+00:00,DGS10 nominal_yield_shock supportive on 2022-11-16,USD,high,nominal_yield_shock,,,,fred_numeric_backfill
2022-11-16T13:30:00+00:00,DFII10 real_yield_shock supportive on 2022-11-16,USD,high,real_yield_shock,,,,fred_numeric_backfill
2022-11-16T13:30:00+00:00,DTWEXBGS usd_shock hostile on 2022-11-16,USD,high,usd_shock,,,,fred_numeric_backfill
2022-11-17T13:30:00+00:00,DGS10 nominal_yield_shock hostile on 2022-11-17,USD,high,nominal_yield_shock,,,,fred_numeric_backfill
2022-11-17T13:30:00+00:00,DTWEXBGS usd_shock hostile on 2022-11-17,USD,high,usd_shock,,,,fred_numeric_backfill
2022-12-02T13:30:00+00:00,DFII10 real_yield_shock supportive on 2022-12-02,USD,high,real_yield_shock,,,,fred_numeric_backfill
2022-12-06T13:30:00+00:00,DFII10 real_yield_shock supportive on 2022-12-06,USD,high,real_yield_shock,,,,fred_numeric_backfill
2022-12-08T13:30:00+00:00,DCOILBRENTEU oil_supply_shock mixed on 2022-12-08,USD,high,oil_supply_shock,,,,fred_numeric_backfill
2022-12-09T13:30:00+00:00,DCOILBRENTEU oil_supply_shock mixed on 2022-12-09,USD,high,oil_supply_shock,,,,fred_numeric_backfill
2023-01-09T13:30:00+00:00,DGS10 nominal_yield_shock supportive on 2023-01-09,USD,high,nominal_yield_shock,,,,fred_numeric_backfill
2023-01-09T13:30:00+00:00,DFII10 real_yield_shock supportive on 2023-01-09,USD,high,real_yield_shock,,,,fred_numeric_backfill
2023-01-10T13:30:00+00:00,DTWEXBGS usd_shock hostile on 2023-01-10,USD,high,usd_shock,,,,fred_numeric_backfill
2023-01-12T13:30:00+00:00,DGS2 front_end_yield_shock supportive on 2023-01-12,USD,high,front_end_yield_shock,,,,fred_numeric_backfill
2023-01-12T13:30:00+00:00,DFII10 real_yield_shock supportive on 2023-01-12,USD,high,real_yield_shock,,,,fred_numeric_backfill
2023-01-12T13:30:00+00:00,DTWEXBGS usd_shock supportive on 2023-01-12,USD,high,usd_shock,,,,fred_numeric_backfill
2023-01-13T13:30:00+00:00,DTWEXBGS usd_shock supportive on 2023-01-13,USD,high,usd_shock,,,,fred_numeric_backfill
2023-02-08T13:30:00+00:00,DGS2 front_end_yield_shock hostile on 2023-02-08,USD,high,front_end_yield_shock,,,,fred_numeric_backfill
2023-02-09T13:30:00+00:00,DGS2 front_end_yield_shock hostile on 2023-02-09,USD,high,front_end_yield_shock,,,,fred_numeric_backfill
2023-03-10T13:30:00+00:00,DGS2 front_end_yield_shock supportive on 2023-03-10,USD,high,front_end_yield_shock,,,,fred_numeric_backfill
2023-03-13T13:30:00+00:00,DGS2 front_end_yield_shock supportive on 2023-03-13,USD,high,front_end_yield_shock,,,,fred_numeric_backfill
2023-03-13T13:30:00+00:00,DGS10 nominal_yield_shock supportive on 2023-03-13,USD,high,nominal_yield_shock,,,,fred_numeric_backfill
2023-03-14T13:30:00+00:00,DGS2 front_end_yield_shock hostile on 2023-03-14,USD,high,front_end_yield_shock,,,,fred_numeric_backfill
2023-03-14T13:30:00+00:00,DGS10 nominal_yield_shock hostile on 2023-03-14,USD,high,nominal_yield_shock,,,,fred_numeric_backfill
2023-03-14T13:30:00+00:00,DFII10 real_yield_shock hostile on 2023-03-14,USD,high,real_yield_shock,,,,fred_numeric_backfill
2023-03-15T13:30:00+00:00,DGS2 front_end_yield_shock supportive on 2023-03-15,USD,high,front_end_yield_shock,,,,fred_numeric_backfill
2023-03-15T13:30:00+00:00,DGS10 nominal_yield_shock supportive on 2023-03-15,USD,high,nominal_yield_shock,,,,fred_numeric_backfill
2023-03-15T13:30:00+00:00,DCOILWTICO oil_supply_shock mixed on 2023-03-15,USD,high,oil_supply_shock,,,,fred_numeric_backfill
2023-03-15T13:30:00+00:00,DFII10 real_yield_shock supportive on 2023-03-15,USD,high,real_yield_shock,,,,fred_numeric_backfill
2023-03-16T13:30:00+00:00,DGS2 front_end_yield_shock hostile on 2023-03-16,USD,high,front_end_yield_shock,,,,fred_numeric_backfill
2023-03-16T13:30:00+00:00,DGS10 nominal_yield_shock hostile on 2023-03-16,USD,high,nominal_yield_shock,,,,fred_numeric_backfill
2023-03-16T13:30:00+00:00,DFII10 real_yield_shock hostile on 2023-03-16,USD,high,real_yield_shock,,,,fred_numeric_backfill
2023-03-17T13:30:00+00:00,DGS2 front_end_yield_shock supportive on 2023-03-17,USD,high,front_end_yield_shock,,,,fred_numeric_backfill
2023-03-17T13:30:00+00:00,DGS10 nominal_yield_shock supportive on 2023-03-17,USD,high,nominal_yield_shock,,,,fred_numeric_backfill
2023-03-17T13:30:00+00:00,DCOILBRENTEU oil_supply_shock mixed on 2023-03-17,USD,high,oil_supply_shock,,,,fred_numeric_backfill
2023-03-23T13:30:00+00:00,DGS2 front_end_yield_shock supportive on 2023-03-23,USD,high,front_end_yield_shock,,,,fred_numeric_backfill
2023-03-23T13:30:00+00:00,DTWEXBGS usd_shock supportive on 2023-03-23,USD,high,usd_shock,,,,fred_numeric_backfill
2023-03-30T13:30:00+00:00,DGS2 front_end_yield_shock hostile on 2023-03-30,USD,high,front_end_yield_shock,,,,fred_numeric_backfill
2023-04-03T13:30:00+00:00,DCOILBRENTEU oil_supply_shock mixed on 2023-04-03,USD,high,oil_supply_shock,,,,fred_numeric_backfill
2023-04-05T13:30:00+00:00,DCOILBRENTEU oil_supply_shock mixed on 2023-04-05,USD,high,oil_supply_shock,,,,fred_numeric_backfill
2023-04-06T13:30:00+00:00,DCOILBRENTEU oil_supply_shock mixed on 2023-04-06,USD,high,oil_supply_shock,,,,fred_numeric_backfill
2023-04-11T13:30:00+00:00,DCOILBRENTEU oil_supply_shock mixed on 2023-04-11,USD,high,oil_supply_shock,,,,fred_numeric_backfill
2023-04-25T13:30:00+00:00,DGS2 front_end_yield_shock supportive on 2023-04-25,USD,high,front_end_yield_shock,,,,fred_numeric_backfill
2023-04-26T13:30:00+00:00,DGS2 front_end_yield_shock hostile on 2023-04-26,USD,high,front_end_yield_shock,,,,fred_numeric_backfill
2023-05-03T13:30:00+00:00,DCOILBRENTEU oil_supply_shock mixed on 2023-05-03,USD,high,oil_supply_shock,,,,fred_numeric_backfill
2023-05-04T13:30:00+00:00,DGS2 front_end_yield_shock supportive on 2023-05-04,USD,high,front_end_yield_shock,,,,fred_numeric_backfill
2023-05-18T13:30:00+00:00,DGS2 front_end_yield_shock hostile on 2023-05-18,USD,high,front_end_yield_shock,,,,fred_numeric_backfill
2023-05-19T13:30:00+00:00,DGS2 front_end_yield_shock hostile on 2023-05-19,USD,high,front_end_yield_shock,,,,fred_numeric_backfill
2023-07-06T13:30:00+00:00,DGS10 nominal_yield_shock hostile on 2023-07-06,USD,high,nominal_yield_shock,,,,fred_numeric_backfill
2023-07-06T13:30:00+00:00,DFII10 real_yield_shock hostile on 2023-07-06,USD,high,real_yield_shock,,,,fred_numeric_backfill
2023-07-13T13:30:00+00:00,DGS2 front_end_yield_shock supportive on 2023-07-13,USD,high,front_end_yield_shock,,,,fred_numeric_backfill
2023-07-13T13:30:00+00:00,DFII10 real_yield_shock supportive on 2023-07-13,USD,high,real_yield_shock,,,,fred_numeric_backfill
2023-07-13T13:30:00+00:00,DTWEXBGS usd_shock supportive on 2023-07-13,USD,high,usd_shock,,,,fred_numeric_backfill
2023-07-14T13:30:00+00:00,DTWEXBGS usd_shock supportive on 2023-07-14,USD,high,usd_shock,,,,fred_numeric_backfill
2023-07-17T13:30:00+00:00,DTWEXBGS usd_shock hostile on 2023-07-17,USD,high,usd_shock,,,,fred_numeric_backfill
2023-08-16T13:30:00+00:00,DFII10 real_yield_shock hostile on 2023-08-16,USD,high,real_yield_shock,,,,fred_numeric_backfill
2023-09-07T13:30:00+00:00,DTWEXBGS usd_shock hostile on 2023-09-07,USD,high,usd_shock,,,,fred_numeric_backfill
2023-09-27T13:30:00+00:00,DFII10 real_yield_shock hostile on 2023-09-27,USD,high,real_yield_shock,,,,fred_numeric_backfill
2023-09-27T13:30:00+00:00,DTWEXBGS usd_shock hostile on 2023-09-27,USD,high,usd_shock,,,,fred_numeric_backfill
2023-10-18T13:30:00+00:00,DGS10 nominal_yield_shock hostile on 2023-10-18,USD,high,nominal_yield_shock,,,,fred_numeric_backfill
2023-11-03T13:30:00+00:00,DTWEXBGS usd_shock supportive on 2023-11-03,USD,high,usd_shock,,,,fred_numeric_backfill
2023-11-07T13:30:00+00:00,DFII10 real_yield_shock supportive on 2023-11-07,USD,high,real_yield_shock,,,,fred_numeric_backfill
2023-11-20T13:30:00+00:00,DTWEXBGS usd_shock supportive on 2023-11-20,USD,high,usd_shock,,,,fred_numeric_backfill
2023-12-01T13:30:00+00:00,DGS2 front_end_yield_shock supportive on 2023-12-01,USD,high,front_end_yield_shock,,,,fred_numeric_backfill
2023-12-06T13:30:00+00:00,DCOILBRENTEU oil_supply_shock mixed on 2023-12-06,USD,high,oil_supply_shock,,,,fred_numeric_backfill
2023-12-14T13:30:00+00:00,DFII10 real_yield_shock supportive on 2023-12-14,USD,high,real_yield_shock,,,,fred_numeric_backfill
2023-12-15T13:30:00+00:00,DGS10 nominal_yield_shock supportive on 2023-12-15,USD,high,nominal_yield_shock,,,,fred_numeric_backfill
2023-12-15T13:30:00+00:00,DFII10 real_yield_shock supportive on 2023-12-15,USD,high,real_yield_shock,,,,fred_numeric_backfill
2023-12-18T13:30:00+00:00,DFII10 real_yield_shock hostile on 2023-12-18,USD,high,real_yield_shock,,,,fred_numeric_backfill
2023-12-19T13:30:00+00:00,DGS2 front_end_yield_shock supportive on 2023-12-19,USD,high,front_end_yield_shock,,,,fred_numeric_backfill
2023-12-19T13:30:00+00:00,DFII10 real_yield_shock supportive on 2023-12-19,USD,high,real_yield_shock,,,,fred_numeric_backfill
2024-04-16T13:30:00+00:00,DGS10 nominal_yield_shock hostile on 2024-04-16,USD,high,nominal_yield_shock,,,,fred_numeric_backfill
2024-04-16T13:30:00+00:00,DTWEXBGS usd_shock hostile on 2024-04-16,USD,high,usd_shock,,,,fred_numeric_backfill
2024-06-05T13:30:00+00:00,DGS10 nominal_yield_shock supportive on 2024-06-05,USD,high,nominal_yield_shock,,,,fred_numeric_backfill
2024-06-05T13:30:00+00:00,DFII10 real_yield_shock supportive on 2024-06-05,USD,high,real_yield_shock,,,,fred_numeric_backfill
2024-06-18T13:30:00+00:00,DCOILBRENTEU oil_supply_shock mixed on 2024-06-18,USD,high,oil_supply_shock,,,,fred_numeric_backfill
2024-06-19T13:30:00+00:00,DCOILBRENTEU oil_supply_shock mixed on 2024-06-19,USD,high,oil_supply_shock,,,,fred_numeric_backfill
2024-06-20T13:30:00+00:00,DCOILBRENTEU oil_supply_shock mixed on 2024-06-20,USD,high,oil_supply_shock,,,,fred_numeric_backfill
2024-06-21T13:30:00+00:00,DCOILBRENTEU oil_supply_shock mixed on 2024-06-21,USD,high,oil_supply_shock,,,,fred_numeric_backfill
2024-06-24T13:30:00+00:00,DCOILBRENTEU oil_supply_shock mixed on 2024-06-24,USD,high,oil_supply_shock,,,,fred_numeric_backfill
2024-07-01T13:30:00+00:00,DFII10 real_yield_shock hostile on 2024-07-01,USD,high,real_yield_shock,,,,fred_numeric_backfill
2024-07-02T13:30:00+00:00,DFII10 real_yield_shock hostile on 2024-07-02,USD,high,real_yield_shock,,,,fred_numeric_backfill
2024-07-09T13:30:00+00:00,DFII10 real_yield_shock hostile on 2024-07-09,USD,high,real_yield_shock,,,,fred_numeric_backfill
2024-07-10T13:30:00+00:00,DFII10 real_yield_shock supportive on 2024-07-10,USD,high,real_yield_shock,,,,fred_numeric_backfill
2024-07-11T13:30:00+00:00,DFII10 real_yield_shock supportive on 2024-07-11,USD,high,real_yield_shock,,,,fred_numeric_backfill
2024-07-16T13:30:00+00:00,DFII10 real_yield_shock supportive on 2024-07-16,USD,high,real_yield_shock,,,,fred_numeric_backfill
2024-07-23T13:30:00+00:00,DCOILBRENTEU oil_supply_shock mixed on 2024-07-23,USD,high,oil_supply_shock,,,,fred_numeric_backfill
2024-07-31T13:30:00+00:00,DFII10 real_yield_shock supportive on 2024-07-31,USD,high,real_yield_shock,,,,fred_numeric_backfill
2024-08-01T13:30:00+00:00,DFII10 real_yield_shock supportive on 2024-08-01,USD,high,real_yield_shock,,,,fred_numeric_backfill
2024-08-02T13:30:00+00:00,DGS2 front_end_yield_shock supportive on 2024-08-02,USD,high,front_end_yield_shock,,,,fred_numeric_backfill
2024-08-02T13:30:00+00:00,DGS10 nominal_yield_shock supportive on 2024-08-02,USD,high,nominal_yield_shock,,,,fred_numeric_backfill
2024-08-02T13:30:00+00:00,DCOILWTICO oil_supply_shock mixed on 2024-08-02,USD,high,oil_supply_shock,,,,fred_numeric_backfill
2024-08-02T13:30:00+00:00,DFII10 real_yield_shock supportive on 2024-08-02,USD,high,real_yield_shock,,,,fred_numeric_backfill
2024-08-05T13:30:00+00:00,DGS2 front_end_yield_shock hostile on 2024-08-05,USD,high,front_end_yield_shock,,,,fred_numeric_backfill
2024-08-05T13:30:00+00:00,DGS10 nominal_yield_shock supportive on 2024-08-05,USD,high,nominal_yield_shock,,,,fred_numeric_backfill
2024-08-05T13:30:00+00:00,DCOILWTICO oil_supply_shock mixed on 2024-08-05,USD,high,oil_supply_shock,,,,fred_numeric_backfill
2024-08-05T13:30:00+00:00,DFII10 real_yield_shock supportive on 2024-08-05,USD,high,real_yield_shock,,,,fred_numeric_backfill
2024-08-06T13:30:00+00:00,DGS2 front_end_yield_shock hostile on 2024-08-06,USD,high,front_end_yield_shock,,,,fred_numeric_backfill
2024-08-12T13:30:00+00:00,DCOILBRENTEU oil_supply_shock mixed on 2024-08-12,USD,high,oil_supply_shock,,,,fred_numeric_backfill
2024-08-13T13:30:00+00:00,DCOILBRENTEU oil_supply_shock mixed on 2024-08-13,USD,high,oil_supply_shock,,,,fred_numeric_backfill
2024-08-20T13:30:00+00:00,DCOILWTICO oil_supply_shock mixed on 2024-08-20,USD,high,oil_supply_shock,,,,fred_numeric_backfill
2024-08-21T13:30:00+00:00,DCOILWTICO oil_supply_shock mixed on 2024-08-21,USD,high,oil_supply_shock,,,,fred_numeric_backfill
2024-08-22T13:30:00+00:00,DCOILBRENTEU oil_supply_shock mixed on 2024-08-22,USD,high,oil_supply_shock,,,,fred_numeric_backfill
2024-08-23T13:30:00+00:00,DFII10 real_yield_shock supportive on 2024-08-23,USD,high,real_yield_shock,,,,fred_numeric_backfill
2024-08-26T13:30:00+00:00,DCOILWTICO oil_supply_shock mixed on 2024-08-26,USD,high,oil_supply_shock,,,,fred_numeric_backfill
2024-08-26T13:30:00+00:00,DFII10 real_yield_shock supportive on 2024-08-26,USD,high,real_yield_shock,,,,fred_numeric_backfill
2024-09-03T13:30:00+00:00,DCOILBRENTEU oil_supply_shock mixed on 2024-09-03,USD,high,oil_supply_shock,,,,fred_numeric_backfill
2024-09-04T13:30:00+00:00,DCOILBRENTEU oil_supply_shock mixed on 2024-09-04,USD,high,oil_supply_shock,,,,fred_numeric_backfill
2024-09-05T13:30:00+00:00,DCOILBRENTEU oil_supply_shock mixed on 2024-09-05,USD,high,oil_supply_shock,,,,fred_numeric_backfill
2024-09-06T13:30:00+00:00,DCOILBRENTEU oil_supply_shock mixed on 2024-09-06,USD,high,oil_supply_shock,,,,fred_numeric_backfill
2024-09-09T13:30:00+00:00,DCOILBRENTEU oil_supply_shock mixed on 2024-09-09,USD,high,oil_supply_shock,,,,fred_numeric_backfill
2024-09-10T13:30:00+00:00,DCOILBRENTEU oil_supply_shock mixed on 2024-09-10,USD,high,oil_supply_shock,,,,fred_numeric_backfill
2024-09-11T13:30:00+00:00,DCOILBRENTEU oil_supply_shock mixed on 2024-09-11,USD,high,oil_supply_shock,,,,fred_numeric_backfill
2024-09-17T13:30:00+00:00,DCOILBRENTEU oil_supply_shock mixed on 2024-09-17,USD,high,oil_supply_shock,,,,fred_numeric_backfill
2024-09-18T13:30:00+00:00,DCOILBRENTEU oil_supply_shock mixed on 2024-09-18,USD,high,oil_supply_shock,,,,fred_numeric_backfill
2024-09-26T13:30:00+00:00,DCOILWTICO oil_supply_shock mixed on 2024-09-26,USD,high,oil_supply_shock,,,,fred_numeric_backfill
2024-09-27T13:30:00+00:00,DCOILBRENTEU oil_supply_shock mixed on 2024-09-27,USD,high,oil_supply_shock,,,,fred_numeric_backfill
2024-10-03T13:30:00+00:00,DCOILBRENTEU oil_supply_shock mixed on 2024-10-03,USD,high,oil_supply_shock,,,,fred_numeric_backfill
2024-10-04T13:30:00+00:00,DGS2 front_end_yield_shock hostile on 2024-10-04,USD,high,front_end_yield_shock,,,,fred_numeric_backfill
2024-10-04T13:30:00+00:00,DCOILBRENTEU oil_supply_shock mixed on 2024-10-04,USD,high,oil_supply_shock,,,,fred_numeric_backfill
2024-10-04T13:30:00+00:00,DFII10 real_yield_shock hostile on 2024-10-04,USD,high,real_yield_shock,,,,fred_numeric_backfill
2024-10-07T13:30:00+00:00,DGS2 front_end_yield_shock hostile on 2024-10-07,USD,high,front_end_yield_shock,,,,fred_numeric_backfill
2024-10-07T13:30:00+00:00,DCOILBRENTEU oil_supply_shock mixed on 2024-10-07,USD,high,oil_supply_shock,,,,fred_numeric_backfill
2024-10-07T13:30:00+00:00,DFII10 real_yield_shock hostile on 2024-10-07,USD,high,real_yield_shock,,,,fred_numeric_backfill
2024-10-08T13:30:00+00:00,DGS2 front_end_yield_shock hostile on 2024-10-08,USD,high,front_end_yield_shock,,,,fred_numeric_backfill
2024-10-08T13:30:00+00:00,DFII10 real_yield_shock hostile on 2024-10-08,USD,high,real_yield_shock,,,,fred_numeric_backfill
2024-10-09T13:30:00+00:00,DGS2 front_end_yield_shock hostile on 2024-10-09,USD,high,front_end_yield_shock,,,,fred_numeric_backfill
2024-10-09T13:30:00+00:00,DCOILWTICO oil_supply_shock mixed on 2024-10-09,USD,high,oil_supply_shock,,,,fred_numeric_backfill
2024-10-09T13:30:00+00:00,DFII10 real_yield_shock hostile on 2024-10-09,USD,high,real_yield_shock,,,,fred_numeric_backfill
2024-10-10T13:30:00+00:00,DFII10 real_yield_shock hostile on 2024-10-10,USD,high,real_yield_shock,,,,fred_numeric_backfill
2024-10-15T13:30:00+00:00,DCOILBRENTEU oil_supply_shock mixed on 2024-10-15,USD,high,oil_supply_shock,,,,fred_numeric_backfill
2024-10-16T13:30:00+00:00,DCOILWTICO oil_supply_shock mixed on 2024-10-16,USD,high,oil_supply_shock,,,,fred_numeric_backfill
2024-10-17T13:30:00+00:00,DCOILBRENTEU oil_supply_shock mixed on 2024-10-17,USD,high,oil_supply_shock,,,,fred_numeric_backfill
2024-10-18T13:30:00+00:00,DCOILBRENTEU oil_supply_shock mixed on 2024-10-18,USD,high,oil_supply_shock,,,,fred_numeric_backfill
2024-10-21T13:30:00+00:00,DCOILBRENTEU oil_supply_shock mixed on 2024-10-21,USD,high,oil_supply_shock,,,,fred_numeric_backfill
2024-10-21T13:30:00+00:00,DFII10 real_yield_shock hostile on 2024-10-21,USD,high,real_yield_shock,,,,fred_numeric_backfill
2024-10-22T13:30:00+00:00,DFII10 real_yield_shock hostile on 2024-10-22,USD,high,real_yield_shock,,,,fred_numeric_backfill
2024-10-23T13:30:00+00:00,DFII10 real_yield_shock hostile on 2024-10-23,USD,high,real_yield_shock,,,,fred_numeric_backfill
2024-10-25T13:30:00+00:00,DFII10 real_yield_shock hostile on 2024-10-25,USD,high,real_yield_shock,,,,fred_numeric_backfill
2024-10-28T13:30:00+00:00,DCOILWTICO oil_supply_shock mixed on 2024-10-28,USD,high,oil_supply_shock,,,,fred_numeric_backfill
2024-10-29T13:30:00+00:00,DCOILBRENTEU oil_supply_shock mixed on 2024-10-29,USD,high,oil_supply_shock,,,,fred_numeric_backfill
2024-11-05T13:30:00+00:00,DCOILBRENTEU oil_supply_shock mixed on 2024-11-05,USD,high,oil_supply_shock,,,,fred_numeric_backfill
2024-11-12T13:30:00+00:00,DCOILBRENTEU oil_supply_shock mixed on 2024-11-12,USD,high,oil_supply_shock,,,,fred_numeric_backfill
2024-11-12T13:30:00+00:00,DFII10 real_yield_shock hostile on 2024-11-12,USD,high,real_yield_shock,,,,fred_numeric_backfill
2024-11-12T13:30:00+00:00,DTWEXBGS usd_shock hostile on 2024-11-12,USD,high,usd_shock,,,,fred_numeric_backfill
2024-11-13T13:30:00+00:00,DCOILWTICO oil_supply_shock mixed on 2024-11-13,USD,high,oil_supply_shock,,,,fred_numeric_backfill
2024-11-13T13:30:00+00:00,DTWEXBGS usd_shock hostile on 2024-11-13,USD,high,usd_shock,,,,fred_numeric_backfill
2024-11-15T13:30:00+00:00,DFII10 real_yield_shock hostile on 2024-11-15,USD,high,real_yield_shock,,,,fred_numeric_backfill
2024-11-15T13:30:00+00:00,DTWEXBGS usd_shock hostile on 2024-11-15,USD,high,usd_shock,,,,fred_numeric_backfill
2024-11-18T13:30:00+00:00,DFII10 real_yield_shock hostile on 2024-11-18,USD,high,real_yield_shock,,,,fred_numeric_backfill
2024-11-29T13:30:00+00:00,DFII10 real_yield_shock supportive on 2024-11-29,USD,high,real_yield_shock,,,,fred_numeric_backfill
2024-12-02T13:30:00+00:00,DFII10 real_yield_shock hostile on 2024-12-02,USD,high,real_yield_shock,,,,fred_numeric_backfill
2024-12-04T13:30:00+00:00,DFII10 real_yield_shock supportive on 2024-12-04,USD,high,real_yield_shock,,,,fred_numeric_backfill
2024-12-13T13:30:00+00:00,DFII10 real_yield_shock hostile on 2024-12-13,USD,high,real_yield_shock,,,,fred_numeric_backfill
2024-12-16T13:30:00+00:00,DFII10 real_yield_shock hostile on 2024-12-16,USD,high,real_yield_shock,,,,fred_numeric_backfill
2024-12-17T13:30:00+00:00,DFII10 real_yield_shock hostile on 2024-12-17,USD,high,real_yield_shock,,,,fred_numeric_backfill
2024-12-18T13:30:00+00:00,DFII10 real_yield_shock hostile on 2024-12-18,USD,high,real_yield_shock,,,,fred_numeric_backfill
2024-12-19T13:30:00+00:00,DFII10 real_yield_shock hostile on 2024-12-19,USD,high,real_yield_shock,,,,fred_numeric_backfill
2024-12-20T13:30:00+00:00,DFII10 real_yield_shock hostile on 2024-12-20,USD,high,real_yield_shock,,,,fred_numeric_backfill
2024-12-23T13:30:00+00:00,DFII10 real_yield_shock hostile on 2024-12-23,USD,high,real_yield_shock,,,,fred_numeric_backfill
2024-12-24T13:30:00+00:00,DFII10 real_yield_shock hostile on 2024-12-24,USD,high,real_yield_shock,,,,fred_numeric_backfill
2025-01-02T13:30:00+00:00,DCOILBRENTEU oil_supply_shock mixed on 2025-01-02,USD,high,oil_supply_shock,,,,fred_numeric_backfill
2025-01-13T13:30:00+00:00,DCOILBRENTEU oil_supply_shock mixed on 2025-01-13,USD,high,oil_supply_shock,,,,fred_numeric_backfill
2025-01-14T13:30:00+00:00,DCOILBRENTEU oil_supply_shock mixed on 2025-01-14,USD,high,oil_supply_shock,,,,fred_numeric_backfill
2025-01-15T13:30:00+00:00,DCOILBRENTEU oil_supply_shock mixed on 2025-01-15,USD,high,oil_supply_shock,,,,fred_numeric_backfill
2025-01-16T13:30:00+00:00,DCOILBRENTEU oil_supply_shock mixed on 2025-01-16,USD,high,oil_supply_shock,,,,fred_numeric_backfill
2025-01-17T13:30:00+00:00,DFII10 real_yield_shock hostile on 2025-01-17,USD,high,real_yield_shock,,,,fred_numeric_backfill
2025-01-21T13:30:00+00:00,DFII10 real_yield_shock supportive on 2025-01-21,USD,high,real_yield_shock,,,,fred_numeric_backfill
2025-01-22T13:30:00+00:00,DFII10 real_yield_shock hostile on 2025-01-22,USD,high,real_yield_shock,,,,fred_numeric_backfill
2025-01-24T13:30:00+00:00,DCOILBRENTEU oil_supply_shock mixed on 2025-01-24,USD,high,oil_supply_shock,,,,fred_numeric_backfill
2025-01-24T13:30:00+00:00,DTWEXBGS usd_shock supportive on 2025-01-24,USD,high,usd_shock,,,,fred_numeric_backfill
2025-01-27T13:30:00+00:00,DCOILBRENTEU oil_supply_shock mixed on 2025-01-27,USD,high,oil_supply_shock,,,,fred_numeric_backfill
2025-02-05T13:30:00+00:00,DFII10 real_yield_shock supportive on 2025-02-05,USD,high,real_yield_shock,,,,fred_numeric_backfill
2025-02-12T13:30:00+00:00,DFII10 real_yield_shock hostile on 2025-02-12,USD,high,real_yield_shock,,,,fred_numeric_backfill
2025-02-25T13:30:00+00:00,DCOILWTICO oil_supply_shock mixed on 2025-02-25,USD,high,oil_supply_shock,,,,fred_numeric_backfill
2025-02-25T13:30:00+00:00,DFII10 real_yield_shock supportive on 2025-02-25,USD,high,real_yield_shock,,,,fred_numeric_backfill
2025-02-26T13:30:00+00:00,DFII10 real_yield_shock supportive on 2025-02-26,USD,high,real_yield_shock,,,,fred_numeric_backfill
2025-02-27T13:30:00+00:00,DFII10 real_yield_shock hostile on 2025-02-27,USD,high,real_yield_shock,,,,fred_numeric_backfill
2025-02-28T13:30:00+00:00,DFII10 real_yield_shock supportive on 2025-02-28,USD,high,real_yield_shock,,,,fred_numeric_backfill
2025-03-03T13:30:00+00:00,DFII10 real_yield_shock supportive on 2025-03-03,USD,high,real_yield_shock,,,,fred_numeric_backfill
2025-03-06T13:30:00+00:00,DCOILBRENTEU oil_supply_shock mixed on 2025-03-06,USD,high,oil_supply_shock,,,,fred_numeric_backfill
2025-03-07T13:30:00+00:00,DFII10 real_yield_shock hostile on 2025-03-07,USD,high,real_yield_shock,,,,fred_numeric_backfill
2025-03-07T13:30:00+00:00,DTWEXBGS usd_shock supportive on 2025-03-07,USD,high,usd_shock,,,,fred_numeric_backfill
2025-03-11T13:30:00+00:00,DTWEXBGS usd_shock supportive on 2025-03-11,USD,high,usd_shock,,,,fred_numeric_backfill
2025-03-31T13:30:00+00:00,DFII10 real_yield_shock supportive on 2025-03-31,USD,high,real_yield_shock,,,,fred_numeric_backfill
2025-04-01T13:30:00+00:00,DCOILBRENTEU oil_supply_shock mixed on 2025-04-01,USD,high,oil_supply_shock,,,,fred_numeric_backfill
2025-04-03T13:30:00+00:00,DGS10 nominal_yield_shock supportive on 2025-04-03,USD,high,nominal_yield_shock,,,,fred_numeric_backfill
2025-04-03T13:30:00+00:00,DCOILBRENTEU oil_supply_shock mixed on 2025-04-03,USD,high,oil_supply_shock,,,,fred_numeric_backfill
2025-04-03T13:30:00+00:00,DFII10 real_yield_shock supportive on 2025-04-03,USD,high,real_yield_shock,,,,fred_numeric_backfill
2025-04-04T13:30:00+00:00,DCOILWTICO oil_supply_shock mixed on 2025-04-04,USD,high,oil_supply_shock,,,,fred_numeric_backfill
2025-04-07T13:30:00+00:00,DCOILBRENTEU oil_supply_shock mixed on 2025-04-07,USD,high,oil_supply_shock,,,,fred_numeric_backfill
2025-04-07T13:30:00+00:00,DFII10 real_yield_shock hostile on 2025-04-07,USD,high,real_yield_shock,,,,fred_numeric_backfill
2025-04-08T13:30:00+00:00,DCOILBRENTEU oil_supply_shock mixed on 2025-04-08,USD,high,oil_supply_shock,,,,fred_numeric_backfill
2025-04-08T13:30:00+00:00,DFII10 real_yield_shock hostile on 2025-04-08,USD,high,real_yield_shock,,,,fred_numeric_backfill
2025-04-09T13:30:00+00:00,DCOILBRENTEU oil_supply_shock mixed on 2025-04-09,USD,high,oil_supply_shock,,,,fred_numeric_backfill
2025-04-09T13:30:00+00:00,DFII10 real_yield_shock hostile on 2025-04-09,USD,high,real_yield_shock,,,,fred_numeric_backfill
2025-04-10T13:30:00+00:00,DGS10 nominal_yield_shock hostile on 2025-04-10,USD,high,nominal_yield_shock,,,,fred_numeric_backfill
2025-04-10T13:30:00+00:00,DCOILBRENTEU oil_supply_shock mixed on 2025-04-10,USD,high,oil_supply_shock,,,,fred_numeric_backfill
2025-04-10T13:30:00+00:00,DFII10 real_yield_shock hostile on 2025-04-10,USD,high,real_yield_shock,,,,fred_numeric_backfill
2025-04-11T13:30:00+00:00,DGS10 nominal_yield_shock hostile on 2025-04-11,USD,high,nominal_yield_shock,,,,fred_numeric_backfill
2025-04-11T13:30:00+00:00,DFII10 real_yield_shock hostile on 2025-04-11,USD,high,real_yield_shock,,,,fred_numeric_backfill
2025-04-14T13:30:00+00:00,DFII10 real_yield_shock hostile on 2025-04-14,USD,high,real_yield_shock,,,,fred_numeric_backfill
2025-04-14T13:30:00+00:00,DTWEXBGS usd_shock supportive on 2025-04-14,USD,high,usd_shock,,,,fred_numeric_backfill
2025-04-15T13:30:00+00:00,DFII10 real_yield_shock hostile on 2025-04-15,USD,high,real_yield_shock,,,,fred_numeric_backfill
2025-04-15T13:30:00+00:00,DTWEXBGS usd_shock hostile on 2025-04-15,USD,high,usd_shock,,,,fred_numeric_backfill
2025-04-16T13:30:00+00:00,DTWEXBGS usd_shock supportive on 2025-04-16,USD,high,usd_shock,,,,fred_numeric_backfill
2025-04-17T13:30:00+00:00,DCOILBRENTEU oil_supply_shock mixed on 2025-04-17,USD,high,oil_supply_shock,,,,fred_numeric_backfill
2025-04-17T13:30:00+00:00,DTWEXBGS usd_shock supportive on 2025-04-17,USD,high,usd_shock,,,,fred_numeric_backfill
2025-04-28T13:30:00+00:00,DFII10 real_yield_shock supportive on 2025-04-28,USD,high,real_yield_shock,,,,fred_numeric_backfill
2025-04-29T13:30:00+00:00,DCOILBRENTEU oil_supply_shock mixed on 2025-04-29,USD,high,oil_supply_shock,,,,fred_numeric_backfill
2025-04-29T13:30:00+00:00,DFII10 real_yield_shock supportive on 2025-04-29,USD,high,real_yield_shock,,,,fred_numeric_backfill
2025-04-30T13:30:00+00:00,DCOILBRENTEU oil_supply_shock mixed on 2025-04-30,USD,high,oil_supply_shock,,,,fred_numeric_backfill
2025-04-30T13:30:00+00:00,DFII10 real_yield_shock supportive on 2025-04-30,USD,high,real_yield_shock,,,,fred_numeric_backfill
2025-05-01T13:30:00+00:00,DCOILBRENTEU oil_supply_shock mixed on 2025-05-01,USD,high,oil_supply_shock,,,,fred_numeric_backfill
2025-05-02T13:30:00+00:00,DCOILBRENTEU oil_supply_shock mixed on 2025-05-02,USD,high,oil_supply_shock,,,,fred_numeric_backfill
2025-05-06T13:30:00+00:00,DCOILBRENTEU oil_supply_shock mixed on 2025-05-06,USD,high,oil_supply_shock,,,,fred_numeric_backfill
2025-05-07T13:30:00+00:00,DCOILBRENTEU oil_supply_shock mixed on 2025-05-07,USD,high,oil_supply_shock,,,,fred_numeric_backfill
2025-05-12T13:30:00+00:00,DCOILBRENTEU oil_supply_shock mixed on 2025-05-12,USD,high,oil_supply_shock,,,,fred_numeric_backfill
2025-05-13T13:30:00+00:00,DCOILBRENTEU oil_supply_shock mixed on 2025-05-13,USD,high,oil_supply_shock,,,,fred_numeric_backfill
2025-05-13T13:30:00+00:00,DFII10 real_yield_shock hostile on 2025-05-13,USD,high,real_yield_shock,,,,fred_numeric_backfill
2025-05-14T13:30:00+00:00,DCOILBRENTEU oil_supply_shock mixed on 2025-05-14,USD,high,oil_supply_shock,,,,fred_numeric_backfill
2025-05-14T13:30:00+00:00,DFII10 real_yield_shock hostile on 2025-05-14,USD,high,real_yield_shock,,,,fred_numeric_backfill
2025-05-29T13:30:00+00:00,DFII10 real_yield_shock supportive on 2025-05-29,USD,high,real_yield_shock,,,,fred_numeric_backfill
2025-05-30T13:30:00+00:00,DFII10 real_yield_shock supportive on 2025-05-30,USD,high,real_yield_shock,,,,fred_numeric_backfill
2025-06-06T13:30:00+00:00,DCOILBRENTEU oil_supply_shock mixed on 2025-06-06,USD,high,oil_supply_shock,,,,fred_numeric_backfill
2025-06-06T13:30:00+00:00,DFII10 real_yield_shock hostile on 2025-06-06,USD,high,real_yield_shock,,,,fred_numeric_backfill
2025-06-11T13:30:00+00:00,DCOILBRENTEU oil_supply_shock mixed on 2025-06-11,USD,high,oil_supply_shock,,,,fred_numeric_backfill
2025-06-12T13:30:00+00:00,DCOILBRENTEU oil_supply_shock mixed on 2025-06-12,USD,high,oil_supply_shock,,,,fred_numeric_backfill
2025-06-13T13:30:00+00:00,DCOILBRENTEU oil_supply_shock mixed on 2025-06-13,USD,high,oil_supply_shock,,,,fred_numeric_backfill
2025-06-16T13:30:00+00:00,DCOILBRENTEU oil_supply_shock mixed on 2025-06-16,USD,high,oil_supply_shock,,,,fred_numeric_backfill
2025-06-17T13:30:00+00:00,DCOILBRENTEU oil_supply_shock mixed on 2025-06-17,USD,high,oil_supply_shock,,,,fred_numeric_backfill
2025-06-18T13:30:00+00:00,DCOILBRENTEU oil_supply_shock mixed on 2025-06-18,USD,high,oil_supply_shock,,,,fred_numeric_backfill
2025-06-19T13:30:00+00:00,DCOILBRENTEU oil_supply_shock mixed on 2025-06-19,USD,high,oil_supply_shock,,,,fred_numeric_backfill
2025-06-23T13:30:00+00:00,DCOILBRENTEU oil_supply_shock mixed on 2025-06-23,USD,high,oil_supply_shock,,,,fred_numeric_backfill
2025-06-24T13:30:00+00:00,DCOILBRENTEU oil_supply_shock mixed on 2025-06-24,USD,high,oil_supply_shock,,,,fred_numeric_backfill
2025-06-24T13:30:00+00:00,DFII10 real_yield_shock supportive on 2025-06-24,USD,high,real_yield_shock,,,,fred_numeric_backfill
2025-06-25T13:30:00+00:00,DCOILBRENTEU oil_supply_shock mixed on 2025-06-25,USD,high,oil_supply_shock,,,,fred_numeric_backfill
2025-06-26T13:30:00+00:00,DCOILBRENTEU oil_supply_shock mixed on 2025-06-26,USD,high,oil_supply_shock,,,,fred_numeric_backfill
2025-06-27T13:30:00+00:00,DCOILBRENTEU oil_supply_shock mixed on 2025-06-27,USD,high,oil_supply_shock,,,,fred_numeric_backfill
2025-06-30T13:30:00+00:00,DCOILBRENTEU oil_supply_shock mixed on 2025-06-30,USD,high,oil_supply_shock,,,,fred_numeric_backfill
2025-07-07T13:30:00+00:00,DCOILBRENTEU oil_supply_shock mixed on 2025-07-07,USD,high,oil_supply_shock,,,,fred_numeric_backfill
2025-07-08T13:30:00+00:00,DCOILBRENTEU oil_supply_shock mixed on 2025-07-08,USD,high,oil_supply_shock,,,,fred_numeric_backfill
2025-07-22T13:30:00+00:00,DFII10 real_yield_shock supportive on 2025-07-22,USD,high,real_yield_shock,,,,fred_numeric_backfill
2025-07-29T13:30:00+00:00,DCOILBRENTEU oil_supply_shock mixed on 2025-07-29,USD,high,oil_supply_shock,,,,fred_numeric_backfill
2025-07-30T13:30:00+00:00,DCOILBRENTEU oil_supply_shock mixed on 2025-07-30,USD,high,oil_supply_shock,,,,fred_numeric_backfill
2025-07-30T13:30:00+00:00,DTWEXBGS usd_shock hostile on 2025-07-30,USD,high,usd_shock,,,,fred_numeric_backfill
2025-07-31T13:30:00+00:00,DTWEXBGS usd_shock hostile on 2025-07-31,USD,high,usd_shock,,,,fred_numeric_backfill
2025-08-04T13:30:00+00:00,DCOILWTICO oil_supply_shock mixed on 2025-08-04,USD,high,oil_supply_shock,,,,fred_numeric_backfill
2025-08-04T13:30:00+00:00,DFII10 real_yield_shock supportive on 2025-08-04,USD,high,real_yield_shock,,,,fred_numeric_backfill
2025-08-05T13:30:00+00:00,DCOILBRENTEU oil_supply_shock mixed on 2025-08-05,USD,high,oil_supply_shock,,,,fred_numeric_backfill
2025-08-06T13:30:00+00:00,DCOILBRENTEU oil_supply_shock mixed on 2025-08-06,USD,high,oil_supply_shock,,,,fred_numeric_backfill
2025-08-07T13:30:00+00:00,DCOILBRENTEU oil_supply_shock mixed on 2025-08-07,USD,high,oil_supply_shock,,,,fred_numeric_backfill
2025-08-27T13:30:00+00:00,DFII10 real_yield_shock supportive on 2025-08-27,USD,high,real_yield_shock,,,,fred_numeric_backfill
2025-08-28T13:30:00+00:00,DFII10 real_yield_shock supportive on 2025-08-28,USD,high,real_yield_shock,,,,fred_numeric_backfill
2025-09-05T13:30:00+00:00,DCOILWTICO oil_supply_shock mixed on 2025-09-05,USD,high,oil_supply_shock,,,,fred_numeric_backfill
2025-09-08T13:30:00+00:00,DFII10 real_yield_shock supportive on 2025-09-08,USD,high,real_yield_shock,,,,fred_numeric_backfill
2025-09-09T13:30:00+00:00,DFII10 real_yield_shock hostile on 2025-09-09,USD,high,real_yield_shock,,,,fred_numeric_backfill
2025-09-10T13:30:00+00:00,DFII10 real_yield_shock supportive on 2025-09-10,USD,high,real_yield_shock,,,,fred_numeric_backfill
2025-09-11T13:30:00+00:00,DFII10 real_yield_shock supportive on 2025-09-11,USD,high,real_yield_shock,,,,fred_numeric_backfill
2025-09-26T13:30:00+00:00,DCOILBRENTEU oil_supply_shock mixed on 2025-09-26,USD,high,oil_supply_shock,,,,fred_numeric_backfill
2025-09-30T13:30:00+00:00,DCOILWTICO oil_supply_shock mixed on 2025-09-30,USD,high,oil_supply_shock,,,,fred_numeric_backfill
2025-10-01T13:30:00+00:00,DCOILWTICO oil_supply_shock mixed on 2025-10-01,USD,high,oil_supply_shock,,,,fred_numeric_backfill
2025-10-02T13:30:00+00:00,DCOILBRENTEU oil_supply_shock mixed on 2025-10-02,USD,high,oil_supply_shock,,,,fred_numeric_backfill
2025-10-03T13:30:00+00:00,DCOILBRENTEU oil_supply_shock mixed on 2025-10-03,USD,high,oil_supply_shock,,,,fred_numeric_backfill
2025-10-10T13:30:00+00:00,DCOILWTICO oil_supply_shock mixed on 2025-10-10,USD,high,oil_supply_shock,,,,fred_numeric_backfill
2025-10-14T13:30:00+00:00,DCOILBRENTEU oil_supply_shock mixed on 2025-10-14,USD,high,oil_supply_shock,,,,fred_numeric_backfill
2025-10-15T13:30:00+00:00,DCOILBRENTEU oil_supply_shock mixed on 2025-10-15,USD,high,oil_supply_shock,,,,fred_numeric_backfill
2025-10-16T13:30:00+00:00,DCOILBRENTEU oil_supply_shock mixed on 2025-10-16,USD,high,oil_supply_shock,,,,fred_numeric_backfill
2025-10-20T13:30:00+00:00,DCOILBRENTEU oil_supply_shock mixed on 2025-10-20,USD,high,oil_supply_shock,,,,fred_numeric_backfill
2025-10-23T13:30:00+00:00,DCOILBRENTEU oil_supply_shock mixed on 2025-10-23,USD,high,oil_supply_shock,,,,fred_numeric_backfill
2025-10-24T13:30:00+00:00,DCOILBRENTEU oil_supply_shock mixed on 2025-10-24,USD,high,oil_supply_shock,,,,fred_numeric_backfill
2025-10-27T13:30:00+00:00,DCOILBRENTEU oil_supply_shock mixed on 2025-10-27,USD,high,oil_supply_shock,,,,fred_numeric_backfill
2025-12-23T13:30:00+00:00,DCOILBRENTEU oil_supply_shock mixed on 2025-12-23,USD,high,oil_supply_shock,,,,fred_numeric_backfill
2025-12-24T13:30:00+00:00,DCOILBRENTEU oil_supply_shock mixed on 2025-12-24,USD,high,oil_supply_shock,,,,fred_numeric_backfill
2026-01-09T13:30:00+00:00,DCOILBRENTEU oil_supply_shock mixed on 2026-01-09,USD,high,oil_supply_shock,,,,fred_numeric_backfill
2026-01-12T13:30:00+00:00,DCOILWTICO oil_supply_shock mixed on 2026-01-12,USD,high,oil_supply_shock,,,,fred_numeric_backfill
2026-01-13T13:30:00+00:00,DCOILBRENTEU oil_supply_shock mixed on 2026-01-13,USD,high,oil_supply_shock,,,,fred_numeric_backfill
2026-01-14T13:30:00+00:00,DCOILBRENTEU oil_supply_shock mixed on 2026-01-14,USD,high,oil_supply_shock,,,,fred_numeric_backfill
2026-01-26T13:30:00+00:00,DTWEXBGS usd_shock supportive on 2026-01-26,USD,high,usd_shock,,,,fred_numeric_backfill
2026-01-27T13:30:00+00:00,DTWEXBGS usd_shock supportive on 2026-01-27,USD,high,usd_shock,,,,fred_numeric_backfill
2026-01-28T13:30:00+00:00,DCOILBRENTEU oil_supply_shock mixed on 2026-01-28,USD,high,oil_supply_shock,,,,fred_numeric_backfill
2026-01-28T13:30:00+00:00,DTWEXBGS usd_shock hostile on 2026-01-28,USD,high,usd_shock,,,,fred_numeric_backfill
2026-01-29T13:30:00+00:00,DCOILBRENTEU oil_supply_shock mixed on 2026-01-29,USD,high,oil_supply_shock,,,,fred_numeric_backfill
2026-01-30T13:30:00+00:00,DCOILBRENTEU oil_supply_shock mixed on 2026-01-30,USD,high,oil_supply_shock,,,,fred_numeric_backfill
2026-02-02T13:30:00+00:00,DCOILBRENTEU oil_supply_shock mixed on 2026-02-02,USD,high,oil_supply_shock,,,,fred_numeric_backfill
2026-02-09T13:30:00+00:00,DCOILBRENTEU oil_supply_shock mixed on 2026-02-09,USD,high,oil_supply_shock,,,,fred_numeric_backfill
2026-02-19T13:30:00+00:00,DCOILWTICO oil_supply_shock mixed on 2026-02-19,USD,high,oil_supply_shock,,,,fred_numeric_backfill
2026-02-20T13:30:00+00:00,DCOILWTICO oil_supply_shock mixed on 2026-02-20,USD,high,oil_supply_shock,,,,fred_numeric_backfill
2026-03-02T13:30:00+00:00,DCOILBRENTEU oil_supply_shock mixed on 2026-03-02,USD,high,oil_supply_shock,,,,fred_numeric_backfill
2026-03-03T13:30:00+00:00,DCOILBRENTEU oil_supply_shock mixed on 2026-03-03,USD,high,oil_supply_shock,,,,fred_numeric_backfill
2026-03-04T13:30:00+00:00,DCOILBRENTEU oil_supply_shock mixed on 2026-03-04,USD,high,oil_supply_shock,,,,fred_numeric_backfill
2026-03-05T13:30:00+00:00,DCOILBRENTEU oil_supply_shock mixed on 2026-03-05,USD,high,oil_supply_shock,,,,fred_numeric_backfill
2026-03-06T13:30:00+00:00,DCOILBRENTEU oil_supply_shock mixed on 2026-03-06,USD,high,oil_supply_shock,,,,fred_numeric_backfill
2026-03-09T13:30:00+00:00,DCOILBRENTEU oil_supply_shock mixed on 2026-03-09,USD,high,oil_supply_shock,,,,fred_numeric_backfill
2026-03-10T13:30:00+00:00,DCOILWTICO oil_supply_shock mixed on 2026-03-10,USD,high,oil_supply_shock,,,,fred_numeric_backfill
2026-03-11T13:30:00+00:00,DCOILBRENTEU oil_supply_shock mixed on 2026-03-11,USD,high,oil_supply_shock,,,,fred_numeric_backfill
2026-03-12T13:30:00+00:00,DCOILBRENTEU oil_supply_shock mixed on 2026-03-12,USD,high,oil_supply_shock,,,,fred_numeric_backfill
2026-03-13T13:30:00+00:00,DCOILWTICO oil_supply_shock mixed on 2026-03-13,USD,high,oil_supply_shock,,,,fred_numeric_backfill
2026-03-16T13:30:00+00:00,DCOILBRENTEU oil_supply_shock mixed on 2026-03-16,USD,high,oil_supply_shock,,,,fred_numeric_backfill
2026-03-17T13:30:00+00:00,DCOILBRENTEU oil_supply_shock mixed on 2026-03-17,USD,high,oil_supply_shock,,,,fred_numeric_backfill
2026-03-18T13:30:00+00:00,DCOILBRENTEU oil_supply_shock mixed on 2026-03-18,USD,high,oil_supply_shock,,,,fred_numeric_backfill
2026-03-19T13:30:00+00:00,DCOILBRENTEU oil_supply_shock mixed on 2026-03-19,USD,high,oil_supply_shock,,,,fred_numeric_backfill
2026-03-20T13:30:00+00:00,DCOILBRENTEU oil_supply_shock mixed on 2026-03-20,USD,high,oil_supply_shock,,,,fred_numeric_backfill
2026-03-20T13:30:00+00:00,DFII10 real_yield_shock hostile on 2026-03-20,USD,high,real_yield_shock,,,,fred_numeric_backfill
2026-03-23T13:30:00+00:00,DCOILBRENTEU oil_supply_shock mixed on 2026-03-23,USD,high,oil_supply_shock,,,,fred_numeric_backfill
2026-03-23T13:30:00+00:00,DFII10 real_yield_shock hostile on 2026-03-23,USD,high,real_yield_shock,,,,fred_numeric_backfill
2026-03-24T13:30:00+00:00,DCOILWTICO oil_supply_shock mixed on 2026-03-24,USD,high,oil_supply_shock,,,,fred_numeric_backfill
2026-03-24T13:30:00+00:00,DFII10 real_yield_shock hostile on 2026-03-24,USD,high,real_yield_shock,,,,fred_numeric_backfill
2026-03-25T13:30:00+00:00,DCOILBRENTEU oil_supply_shock mixed on 2026-03-25,USD,high,oil_supply_shock,,,,fred_numeric_backfill
2026-03-25T13:30:00+00:00,DFII10 real_yield_shock hostile on 2026-03-25,USD,high,real_yield_shock,,,,fred_numeric_backfill
2026-03-26T13:30:00+00:00,DCOILWTICO oil_supply_shock mixed on 2026-03-26,USD,high,oil_supply_shock,,,,fred_numeric_backfill
2026-03-26T13:30:00+00:00,DFII10 real_yield_shock hostile on 2026-03-26,USD,high,real_yield_shock,,,,fred_numeric_backfill
2026-03-27T13:30:00+00:00,DCOILWTICO oil_supply_shock mixed on 2026-03-27,USD,high,oil_supply_shock,,,,fred_numeric_backfill
2026-03-27T13:30:00+00:00,DFII10 real_yield_shock hostile on 2026-03-27,USD,high,real_yield_shock,,,,fred_numeric_backfill
2026-03-30T13:30:00+00:00,DCOILBRENTEU oil_supply_shock mixed on 2026-03-30,USD,high,oil_supply_shock,,,,fred_numeric_backfill
2026-03-31T13:30:00+00:00,DCOILBRENTEU oil_supply_shock mixed on 2026-03-31,USD,high,oil_supply_shock,,,,fred_numeric_backfill
2026-04-01T13:30:00+00:00,DCOILBRENTEU oil_supply_shock mixed on 2026-04-01,USD,high,oil_supply_shock,,,,fred_numeric_backfill
2026-04-02T13:30:00+00:00,DCOILBRENTEU oil_supply_shock mixed on 2026-04-02,USD,high,oil_supply_shock,,,,fred_numeric_backfill
2026-04-03T13:30:00+00:00,DFII10 real_yield_shock hostile on 2026-04-03,USD,high,real_yield_shock,,,,fred_numeric_backfill
2026-04-06T13:30:00+00:00,DCOILWTICO oil_supply_shock mixed on 2026-04-06,USD,high,oil_supply_shock,,,,fred_numeric_backfill
2026-04-07T13:30:00+00:00,DCOILBRENTEU oil_supply_shock mixed on 2026-04-07,USD,high,oil_supply_shock,,,,fred_numeric_backfill
2026-04-08T13:30:00+00:00,DCOILBRENTEU oil_supply_shock mixed on 2026-04-08,USD,high,oil_supply_shock,,,,fred_numeric_backfill
2026-04-09T13:30:00+00:00,DCOILWTICO oil_supply_shock mixed on 2026-04-09,USD,high,oil_supply_shock,,,,fred_numeric_backfill
2026-04-10T13:30:00+00:00,DCOILWTICO oil_supply_shock mixed on 2026-04-10,USD,high,oil_supply_shock,,,,fred_numeric_backfill
2026-04-14T13:30:00+00:00,DCOILBRENTEU oil_supply_shock mixed on 2026-04-14,USD,high,oil_supply_shock,,,,fred_numeric_backfill
2026-04-14T13:30:00+00:00,DTWEXBGS usd_shock supportive on 2026-04-14,USD,high,usd_shock,,,,fred_numeric_backfill
2026-04-15T13:30:00+00:00,DCOILBRENTEU oil_supply_shock mixed on 2026-04-15,USD,high,oil_supply_shock,,,,fred_numeric_backfill
2026-04-17T13:30:00+00:00,DCOILBRENTEU oil_supply_shock mixed on 2026-04-17,USD,high,oil_supply_shock,,,,fred_numeric_backfill
2026-04-20T13:30:00+00:00,DCOILBRENTEU oil_supply_shock mixed on 2026-04-20,USD,high,oil_supply_shock,,,,fred_numeric_backfill
2026-04-21T13:30:00+00:00,DCOILBRENTEU oil_supply_shock mixed on 2026-04-21,USD,high,oil_supply_shock,,,,fred_numeric_backfill
2026-04-22T13:30:00+00:00,DCOILWTICO oil_supply_shock mixed on 2026-04-22,USD,high,oil_supply_shock,,,,fred_numeric_backfill
2026-04-23T13:30:00+00:00,DCOILWTICO oil_supply_shock mixed on 2026-04-23,USD,high,oil_supply_shock,,,,fred_numeric_backfill
2026-04-24T13:30:00+00:00,DCOILBRENTEU oil_supply_shock mixed on 2026-04-24,USD,high,oil_supply_shock,,,,fred_numeric_backfill
2026-04-27T13:30:00+00:00,DCOILBRENTEU oil_supply_shock mixed on 2026-04-27,USD,high,oil_supply_shock,,,,fred_numeric_backfill
2026-04-28T13:30:00+00:00,DCOILBRENTEU oil_supply_shock mixed on 2026-04-28,USD,high,oil_supply_shock,,,,fred_numeric_backfill
2026-04-29T13:30:00+00:00,DCOILWTICO oil_supply_shock mixed on 2026-04-29,USD,high,oil_supply_shock,,,,fred_numeric_backfill
2026-04-30T13:30:00+00:00,DCOILBRENTEU oil_supply_shock mixed on 2026-04-30,USD,high,oil_supply_shock,,,,fred_numeric_backfill
2026-05-01T13:30:00+00:00,DCOILBRENTEU oil_supply_shock mixed on 2026-05-01,USD,high,oil_supply_shock,,,,fred_numeric_backfill
2026-05-06T13:30:00+00:00,DCOILBRENTEU oil_supply_shock mixed on 2026-05-06,USD,high,oil_supply_shock,,,,fred_numeric_backfill
2026-05-07T13:30:00+00:00,DCOILBRENTEU oil_supply_shock mixed on 2026-05-07,USD,high,oil_supply_shock,,,,fred_numeric_backfill
2026-05-08T13:30:00+00:00,DCOILBRENTEU oil_supply_shock mixed on 2026-05-08,USD,high,oil_supply_shock,,,,fred_numeric_backfill
2026-05-11T13:30:00+00:00,DCOILBRENTEU oil_supply_shock mixed on 2026-05-11,USD,high,oil_supply_shock,,,,fred_numeric_backfill
2026-05-12T13:30:00+00:00,DCOILWTICO oil_supply_shock mixed on 2026-05-12,USD,high,oil_supply_shock,,,,fred_numeric_backfill
2026-05-13T13:30:00+00:00,DCOILBRENTEU oil_supply_shock mixed on 2026-05-13,USD,high,oil_supply_shock,,,,fred_numeric_backfill
2026-05-14T13:30:00+00:00,DCOILBRENTEU oil_supply_shock mixed on 2026-05-14,USD,high,oil_supply_shock,,,,fred_numeric_backfill
2026-05-15T13:30:00+00:00,DCOILBRENTEU oil_supply_shock mixed on 2026-05-15,USD,high,oil_supply_shock,,,,fred_numeric_backfill
2026-05-15T13:30:00+00:00,DFII10 real_yield_shock hostile on 2026-05-15,USD,high,real_yield_shock,,,,fred_numeric_backfill
2026-05-18T13:30:00+00:00,DCOILBRENTEU oil_supply_shock mixed on 2026-05-18,USD,high,oil_supply_shock,,,,fred_numeric_backfill
2026-05-18T13:30:00+00:00,DFII10 real_yield_shock hostile on 2026-05-18,USD,high,real_yield_shock,,,,fred_numeric_backfill
2026-05-19T13:30:00+00:00,DCOILWTICO oil_supply_shock mixed on 2026-05-19,USD,high,oil_supply_shock,,,,fred_numeric_backfill
2026-05-19T13:30:00+00:00,DFII10 real_yield_shock hostile on 2026-05-19,USD,high,real_yield_shock,,,,fred_numeric_backfill
2026-05-20T13:30:00+00:00,DCOILWTICO oil_supply_shock mixed on 2026-05-20,USD,high,oil_supply_shock,,,,fred_numeric_backfill
2026-05-20T13:30:00+00:00,DFII10 real_yield_shock hostile on 2026-05-20,USD,high,real_yield_shock,,,,fred_numeric_backfill
2026-05-21T13:30:00+00:00,DCOILWTICO oil_supply_shock mixed on 2026-05-21,USD,high,oil_supply_shock,,,,fred_numeric_backfill
2026-05-21T13:30:00+00:00,DFII10 real_yield_shock hostile on 2026-05-21,USD,high,real_yield_shock,,,,fred_numeric_backfill
2026-05-22T13:30:00+00:00,DCOILWTICO oil_supply_shock mixed on 2026-05-22,USD,high,oil_supply_shock,,,,fred_numeric_backfill
2026-05-26T13:30:00+00:00,DCOILBRENTEU oil_supply_shock mixed on 2026-05-26,USD,high,oil_supply_shock,,,,fred_numeric_backfill
2026-05-27T13:30:00+00:00,DCOILBRENTEU oil_supply_shock mixed on 2026-05-27,USD,high,oil_supply_shock,,,,fred_numeric_backfill
2026-05-28T13:30:00+00:00,DCOILBRENTEU oil_supply_shock mixed on 2026-05-28,USD,high,oil_supply_shock,,,,fred_numeric_backfill
2026-05-29T13:30:00+00:00,DCOILBRENTEU oil_supply_shock mixed on 2026-05-29,USD,high,oil_supply_shock,,,,fred_numeric_backfill
2026-06-01T13:30:00+00:00,DCOILBRENTEU oil_supply_shock mixed on 2026-06-01,USD,high,oil_supply_shock,,,,fred_numeric_backfill
2026-06-03T16:00:00+00:00,世界黄金协会 ： 2026年4月全球央行重启黄金净买入 _ 金市直播 _ 黄金网 _ 中金在线,USD,high,central_bank_gold_demand,,,,gdelt:gold.cnfol.com
2026-06-04T02:00:00+00:00,3月大抛售后 ， 全球央行4月重新恢复购金 - CFi . CN 中财网,USD,high,central_bank_gold_demand,,,,gdelt:cfi.net.cn
2026-06-04T02:30:00+00:00,中國和波蘭正在囤黃金 ！ 世界黃金協會揭驚人數據 全球央行動向一次看,USD,high,central_bank_gold_demand,,,,gdelt:ec.ltn.com.tw
2026-06-04T06:30:00+00:00,全球央行扫货黄金 4月净购金17吨 _ 新闻频道 _ 中华网,USD,high,central_bank_gold_demand,,,,gdelt:news.china.com
2026-06-04T07:45:00+00:00,波兰央行单月净购入黄金14吨 全球央行恢复增持态势 _ 新闻频道 _ 中华网,USD,high,central_bank_gold_demand,,,,gdelt:news.china.com
2026-06-04T08:15:00+00:00,净购入黄金17吨 ， 全球央行重启买买买 - CFi . CN 中财网,USD,high,central_bank_gold_demand,,,,gdelt:cfi.net.cn
2026-06-04T08:15:00+00:00,黄金缘何成全球官方储备最大资产 - 金融频道 - 杭州网,USD,high,central_bank_gold_demand,,,,gdelt:money.hangzhou.com.cn
2026-06-04T15:30:00+00:00,净购入黄金17吨 ！ 全球央行重启买买买,USD,high,central_bank_gold_demand,,,,gdelt:news.china.com.cn
2026-06-04T18:45:00+00:00,买买买 ！ 全球央行重新 扫货 黄金,USD,high,central_bank_gold_demand,,,,gdelt:nbd.com.cn
2026-06-05T03:15:00+00:00,金价高位震荡 ， 全球央行重新入场 扫货 能否支撑未来走势 ？- 华龙网 - 重庆市委市政府官方新闻门户,USD,high,central_bank_gold_demand,,,,gdelt:cqnews.net
2026-06-05T13:30:00+00:00,DFII10 real_yield_shock hostile on 2026-06-05,USD,high,real_yield_shock,,,,fred_numeric_backfill
2026-06-08T13:30:00+00:00,DFII10 real_yield_shock hostile on 2026-06-08,USD,high,real_yield_shock,,,,fred_numeric_backfill
2026-06-17T18:00:00+00:00,FOMC statement / SEP / press conference,USD,high,fomc_statement,,,,scheduled_seed
2026-07-29T18:00:00+00:00,FOMC statement,USD,high,fomc_statement,,,,scheduled_seed
2026-09-16T18:00:00+00:00,FOMC statement / SEP / press conference,USD,high,fomc_statement,,,,scheduled_seed
2026-10-28T18:00:00+00:00,FOMC statement,USD,high,fomc_statement,,,,scheduled_seed
2026-12-09T19:00:00+00:00,FOMC statement / SEP / press conference,USD,high,fomc_statement,,,,scheduled_seed
