source,series_id,date,value,realtime_start,realtime_end,label,category,gold_driver,update_frequency,units_hint,fetched_utc,ssl_mode
FRED,CPIAUCSL,2022-01-01,282.543,2026-06-09,2026-06-09,CPI All Urban Consumers,inflation,inflation_pressure,monthly,index,2026-06-10T04:48:23+00:00,default
FRED,CPIAUCSL,2022-02-01,284.5,2026-06-09,2026-06-09,CPI All Urban Consumers,inflation,inflation_pressure,monthly,index,2026-06-10T04:48:23+00:00,default
FRED,CPIAUCSL,2022-03-01,287.674,2026-06-09,2026-06-09,CPI All Urban Consumers,inflation,inflation_pressure,monthly,index,2026-06-10T04:48:23+00:00,default
FRED,CPIAUCSL,2022-04-01,288.561,2026-06-09,2026-06-09,CPI All Urban Consumers,inflation,inflation_pressure,monthly,index,2026-06-10T04:48:23+00:00,default
FRED,CPIAUCSL,2022-05-01,291.298,2026-06-09,2026-06-09,CPI All Urban Consumers,inflation,inflation_pressure,monthly,index,2026-06-10T04:48:23+00:00,default
FRED,CPIAUCSL,2022-06-01,294.957,2026-06-09,2026-06-09,CPI All Urban Consumers,inflation,inflation_pressure,monthly,index,2026-06-10T04:48:23+00:00,default
FRED,CPIAUCSL,2022-07-01,294.913,2026-06-09,2026-06-09,CPI All Urban Consumers,inflation,inflation_pressure,monthly,index,2026-06-10T04:48:23+00:00,default
FRED,CPIAUCSL,2022-08-01,295.097,2026-06-09,2026-06-09,CPI All Urban Consumers,inflation,inflation_pressure,monthly,index,2026-06-10T04:48:23+00:00,default
FRED,CPIAUCSL,2022-09-01,296.349,2026-06-09,2026-06-09,CPI All Urban Consumers,inflation,inflation_pressure,monthly,index,2026-06-10T04:48:23+00:00,default
FRED,CPIAUCSL,2022-10-01,298.007,2026-06-09,2026-06-09,CPI All Urban Consumers,inflation,inflation_pressure,monthly,index,2026-06-10T04:48:23+00:00,default
FRED,CPIAUCSL,2022-11-01,298.786,2026-06-09,2026-06-09,CPI All Urban Consumers,inflation,inflation_pressure,monthly,index,2026-06-10T04:48:23+00:00,default
FRED,CPIAUCSL,2022-12-01,298.832,2026-06-09,2026-06-09,CPI All Urban Consumers,inflation,inflation_pressure,monthly,index,2026-06-10T04:48:23+00:00,default
FRED,CPIAUCSL,2023-01-01,300.42,2026-06-09,2026-06-09,CPI All Urban Consumers,inflation,inflation_pressure,monthly,index,2026-06-10T04:48:23+00:00,default
FRED,CPIAUCSL,2023-02-01,301.45,2026-06-09,2026-06-09,CPI All Urban Consumers,inflation,inflation_pressure,monthly,index,2026-06-10T04:48:23+00:00,default
FRED,CPIAUCSL,2023-03-01,301.821,2026-06-09,2026-06-09,CPI All Urban Consumers,inflation,inflation_pressure,monthly,index,2026-06-10T04:48:23+00:00,default
FRED,CPIAUCSL,2023-04-01,302.845,2026-06-09,2026-06-09,CPI All Urban Consumers,inflation,inflation_pressure,monthly,index,2026-06-10T04:48:23+00:00,default
FRED,CPIAUCSL,2023-05-01,303.334,2026-06-09,2026-06-09,CPI All Urban Consumers,inflation,inflation_pressure,monthly,index,2026-06-10T04:48:23+00:00,default
FRED,CPIAUCSL,2023-06-01,304.014,2026-06-09,2026-06-09,CPI All Urban Consumers,inflation,inflation_pressure,monthly,index,2026-06-10T04:48:23+00:00,default
FRED,CPIAUCSL,2023-07-01,304.609,2026-06-09,2026-06-09,CPI All Urban Consumers,inflation,inflation_pressure,monthly,index,2026-06-10T04:48:23+00:00,default
FRED,CPIAUCSL,2023-08-01,306.082,2026-06-09,2026-06-09,CPI All Urban Consumers,inflation,inflation_pressure,monthly,index,2026-06-10T04:48:23+00:00,default
FRED,CPIAUCSL,2023-09-01,307.276,2026-06-09,2026-06-09,CPI All Urban Consumers,inflation,inflation_pressure,monthly,index,2026-06-10T04:48:23+00:00,default
FRED,CPIAUCSL,2023-10-01,307.696,2026-06-09,2026-06-09,CPI All Urban Consumers,inflation,inflation_pressure,monthly,index,2026-06-10T04:48:23+00:00,default
FRED,CPIAUCSL,2023-11-01,308.148,2026-06-09,2026-06-09,CPI All Urban Consumers,inflation,inflation_pressure,monthly,index,2026-06-10T04:48:23+00:00,default
FRED,CPIAUCSL,2023-12-01,308.741,2026-06-09,2026-06-09,CPI All Urban Consumers,inflation,inflation_pressure,monthly,index,2026-06-10T04:48:23+00:00,default
FRED,CPIAUCSL,2024-01-01,309.698,2026-06-09,2026-06-09,CPI All Urban Consumers,inflation,inflation_pressure,monthly,index,2026-06-10T04:48:23+00:00,default
FRED,CPIAUCSL,2024-02-01,310.967,2026-06-09,2026-06-09,CPI All Urban Consumers,inflation,inflation_pressure,monthly,index,2026-06-10T04:48:23+00:00,default
FRED,CPIAUCSL,2024-03-01,312.345,2026-06-09,2026-06-09,CPI All Urban Consumers,inflation,inflation_pressure,monthly,index,2026-06-10T04:48:23+00:00,default
FRED,CPIAUCSL,2024-04-01,313.023,2026-06-09,2026-06-09,CPI All Urban Consumers,inflation,inflation_pressure,monthly,index,2026-06-10T04:48:23+00:00,default
FRED,CPIAUCSL,2024-05-01,313.175,2026-06-09,2026-06-09,CPI All Urban Consumers,inflation,inflation_pressure,monthly,index,2026-06-10T04:48:23+00:00,default
FRED,CPIAUCSL,2024-06-01,313.044,2026-06-09,2026-06-09,CPI All Urban Consumers,inflation,inflation_pressure,monthly,index,2026-06-10T04:48:23+00:00,default
FRED,CPIAUCSL,2024-07-01,313.569,2026-06-09,2026-06-09,CPI All Urban Consumers,inflation,inflation_pressure,monthly,index,2026-06-10T04:48:23+00:00,default
FRED,CPIAUCSL,2024-08-01,314.062,2026-06-09,2026-06-09,CPI All Urban Consumers,inflation,inflation_pressure,monthly,index,2026-06-10T04:48:23+00:00,default
FRED,CPIAUCSL,2024-09-01,314.732,2026-06-09,2026-06-09,CPI All Urban Consumers,inflation,inflation_pressure,monthly,index,2026-06-10T04:48:23+00:00,default
FRED,CPIAUCSL,2024-10-01,315.631,2026-06-09,2026-06-09,CPI All Urban Consumers,inflation,inflation_pressure,monthly,index,2026-06-10T04:48:23+00:00,default
FRED,CPIAUCSL,2024-11-01,316.528,2026-06-09,2026-06-09,CPI All Urban Consumers,inflation,inflation_pressure,monthly,index,2026-06-10T04:48:23+00:00,default
FRED,CPIAUCSL,2024-12-01,317.604,2026-06-09,2026-06-09,CPI All Urban Consumers,inflation,inflation_pressure,monthly,index,2026-06-10T04:48:23+00:00,default
FRED,CPIAUCSL,2025-01-01,318.961,2026-06-09,2026-06-09,CPI All Urban Consumers,inflation,inflation_pressure,monthly,index,2026-06-10T04:48:23+00:00,default
FRED,CPIAUCSL,2025-02-01,319.679,2026-06-09,2026-06-09,CPI All Urban Consumers,inflation,inflation_pressure,monthly,index,2026-06-10T04:48:23+00:00,default
FRED,CPIAUCSL,2025-03-01,319.785,2026-06-09,2026-06-09,CPI All Urban Consumers,inflation,inflation_pressure,monthly,index,2026-06-10T04:48:23+00:00,default
FRED,CPIAUCSL,2025-04-01,320.302,2026-06-09,2026-06-09,CPI All Urban Consumers,inflation,inflation_pressure,monthly,index,2026-06-10T04:48:23+00:00,default
FRED,CPIAUCSL,2025-05-01,320.62,2026-06-09,2026-06-09,CPI All Urban Consumers,inflation,inflation_pressure,monthly,index,2026-06-10T04:48:23+00:00,default
FRED,CPIAUCSL,2025-06-01,321.435,2026-06-09,2026-06-09,CPI All Urban Consumers,inflation,inflation_pressure,monthly,index,2026-06-10T04:48:23+00:00,default
FRED,CPIAUCSL,2025-07-01,322.169,2026-06-09,2026-06-09,CPI All Urban Consumers,inflation,inflation_pressure,monthly,index,2026-06-10T04:48:23+00:00,default
FRED,CPIAUCSL,2025-08-01,323.291,2026-06-09,2026-06-09,CPI All Urban Consumers,inflation,inflation_pressure,monthly,index,2026-06-10T04:48:23+00:00,default
FRED,CPIAUCSL,2025-09-01,324.245,2026-06-09,2026-06-09,CPI All Urban Consumers,inflation,inflation_pressure,monthly,index,2026-06-10T04:48:23+00:00,default
FRED,CPIAUCSL,2025-10-01,,2026-06-09,2026-06-09,CPI All Urban Consumers,inflation,inflation_pressure,monthly,index,2026-06-10T04:48:23+00:00,default
FRED,CPIAUCSL,2025-11-01,325.063,2026-06-09,2026-06-09,CPI All Urban Consumers,inflation,inflation_pressure,monthly,index,2026-06-10T04:48:23+00:00,default
FRED,CPIAUCSL,2025-12-01,326.031,2026-06-09,2026-06-09,CPI All Urban Consumers,inflation,inflation_pressure,monthly,index,2026-06-10T04:48:23+00:00,default
FRED,CPIAUCSL,2026-01-01,326.588,2026-06-09,2026-06-09,CPI All Urban Consumers,inflation,inflation_pressure,monthly,index,2026-06-10T04:48:23+00:00,default
FRED,CPIAUCSL,2026-02-01,327.46,2026-06-09,2026-06-09,CPI All Urban Consumers,inflation,inflation_pressure,monthly,index,2026-06-10T04:48:23+00:00,default
FRED,CPIAUCSL,2026-03-01,330.293,2026-06-09,2026-06-09,CPI All Urban Consumers,inflation,inflation_pressure,monthly,index,2026-06-10T04:48:23+00:00,default
FRED,CPIAUCSL,2026-04-01,332.407,2026-06-09,2026-06-09,CPI All Urban Consumers,inflation,inflation_pressure,monthly,index,2026-06-10T04:48:23+00:00,default
